t,x,y,modo,energia,acucar,cheiro_e,cheiro_d,ameaca_e,ameaca_d,sinal_e,sinal_d,proboscide,hz_MN9,hz_GF,hz_DNa_E,hz_DNa_D,hz_MDN,hz_DNp09
0.0,0.5533412853023658,-0.00015015936519120998,SEGUINDO CHEIRO,0.34998196,0.0,0.5969049057709578,0.5929762989887263,0.0,0.0,1.0161791609969946,1.3238208390030053,0.0,0.0,0.0,0.0,0.0,0.0,0.0
0.010000000000000002,0.6064004374483755,-0.0035163175848724002,SEGUINDO CHEIRO,0.3498015504746056,0.0,0.5986492454064922,0.5947199445027029,0.0,0.0,1.0171624125101435,1.323126239959424,0.0,0.0,0.0,0.0,0.0,0.0,0.0
0.02000000000000001,0.6799287455507659,-0.03680590977186822,SEGUINDO CHEIRO,0.34962112362914854,0.0,0.6009903579598023,0.596935281145721,0.0,0.0,0.9910001938673559,1.3495771387836129,0.0,0.0,0.0,0.0,0.0,0.0,0.0
0.03000000000000002,0.7475025482851955,-0.05612172860804028,SEGUINDO CHEIRO,0.3494406794619661,0.0,0.6033404636425771,0.5993848483239914,0.0,0.0,0.9911553073238875,1.3497107332229779,0.0,0.0,0.0,12.345043985833692,0.0,0.0,0.0
0.04000000000000003,0.7340757170234142,0.06686270121801915,SEGUINDO CHEIRO,0.3492602179713952,0.0,0.6055220536344587,0.6021342090711984,0.0,0.0,1.0198067408068077,1.3213480353531086,0.0,0.0,0.0,19.977463768830983,0.0,0.0,0.0
0.05000000000000004,0.6826856460665073,0.2939190682180367,SEGUINDO CHEIRO,0.3490797391557729,0.0,0.6068632567373788,0.605228505966577,0.0,0.0,1.1462349553158309,1.195208584176953,0.0,0.0,0.0,47.813242509360386,0.0,0.0,0.0
0.060000000000000046,0.817746257166311,0.39208427939473034,SEGUINDO CHEIRO,0.3488992430134357,0.0,0.6142464622713819,0.6131916347512998,0.0,0.0,1.154178935328225,1.1875533952199047,0.0,0.0,0.0,48.131453787241654,0.0,0.0,0.0
0.07000000000000005,0.9592989055052866,0.5739417229172521,SEGUINDO CHEIRO,0.34871872954272043,0.0,0.622363098591897,0.621539367626678,0.0,0.0,1.1714760714119725,1.1705450779166415,0.0,0.0,0.0,37.48481389986892,10.625477827925245,0.0,0.0
0.08000000000000006,1.0989816532530778,0.5995028098908874,SEGUINDO CHEIRO,0.34853819874196323,0.0,0.6284542545183087,0.6279583240409113,0.0,0.0,1.2060382410748887,1.1362717547620103,0.0,0.0,0.0,29.19320241850378,8.275130452896024,0.0,0.0
0.09000000000000007,1.2102822801758606,0.5801939857571367,SEGUINDO CHEIRO,0.34835765060950047,0.0,0.6333244320298224,0.6319817849265437,0.0,0.0,1.1728085856742276,1.169790284401419,0.0,0.0,0.0,33.09882274950554,6.444678076733449,0.0,0.0
0.10000000000000007,1.2952094002351024,0.49878055293710555,SEGUINDO CHEIRO,0.3481770851436681,0.0,0.6344121999495247,0.6327310591604354,0.0,0.0,1.1539856416422198,1.1889021304052996,0.0,0.0,0.0,25.777389076056526,5.019120332803123,0.0,0.0
0.11000000000000008,1.4694756702713698,0.4796178903060966,SEGUINDO CHEIRO,0.3479965023428021,0.0,0.6412615230978608,0.6396261077093688,0.0,0.0,1.1379019237977885,1.2052747779573916,0.0,0.0,0.0,31.818419884049668,15.949138609326036,0.0,0.0
0.12000000000000009,1.6451479224151129,0.5363034143762808,SEGUINDO CHEIRO,0.3478159022052384,0.0,0.6495600200010405,0.6485626971803451,0.0,0.0,1.1896422148411239,1.1538234443601665,0.0,0.0,0.0,35.40568814971787,12.421201638257488,0.0,0.0
0.1300000000000001,1.5742403389801807,0.70852103560531,SEGUINDO CHEIRO,0.3476352847293125,0.0,0.6489992801749869,0.6490169154380397,0.0,0.0,1.196518756281764,1.1472358881067497,0.0,0.0,0.0,38.74423538186432,9.673641562562743,0.0,0.0
0.1400000000000001,1.6466800187238886,0.8118970004013248,SEGUINDO CHEIRO,0.3474546499133598,0.0,0.6528633011245785,0.6535408018621911,0.0,0.0,1.2458989629223385,1.0981446943971755,0.0,0.0,0.0,51.9697764085061,7.533839624075947,0.0,0.0
0.1500000000000001,1.814463613275434,1.0300864620518697,SEGUINDO CHEIRO,0.3472739977557156,0.0,0.6633242858635711,0.663745073701542,0.0,0.0,1.2306908862511514,1.1136418117458027,0.0,0.0,0.0,52.81914654882405,5.867360198764723,0.0,0.0
0.16000000000000011,2.0110995191295538,1.0808695781117412,SEGUINDO CHEIRO,0.34709332825471506,0.0,0.6722640057245228,0.6724672967123103,0.0,0.0,1.1910120582892592,1.1536097081342387,0.0,0.0,0.0,41.135592693387444,4.569504717359956,0.0,0.0
0.17000000000000012,2.089822244166356,0.9820734288087128,SEGUINDO CHEIRO,0.34691264140869316,0.0,0.6745702869436143,0.6737572061697309,0.0,0.0,1.1718521029387015,1.1730587596631084,0.0,0.0,0.0,32.03643180171649,3.5587338521284106,0.0,0.0
0.18000000000000013,2.2180255019549198,0.8803009578208,SEGUINDO CHEIRO,0.34673193721598466,0.0,0.6784048154394271,0.6768314114845354,0.0,0.0,1.1394889024675021,1.2057110840670515,0.0,0.0,0.0,37.295042159824135,14.514513796860905,0.0,0.0
0.19000000000000014,2.4971373550486287,0.8424422141474214,SEGUINDO CHEIRO,0.34655121567492425,0.0,0.687681261840445,0.6862875469701787,0.0,0.0,1.1366541964790176,1.2088349417453768,0.0,0.0,0.0,29.045408038752083,11.303914710895976,0.0,0.0
0.20000000000000015,2.7176734014052064,0.8591062516087787,SEGUINDO CHEIRO,0.34637047678384636,0.0,0.6962077262690044,0.6947065892611384,0.0,0.0,1.1261722236339435,1.2196060940400526,0.0,0.0,0.0,22.620586525208587,8.803497628618151,0.0,0.0
0.21000000000000016,2.733394641981143,1.0130832054251624,SEGUINDO CHEIRO,0.3461897205410853,0.0,0.7002670540052783,0.6998355569122527,0.0,0.0,1.155624630100653,1.1904428947853716,0.0,0.0,0.0,37.837782188965775,6.856170846935069,0.0,0.0
0.22000000000000017,2.7793312629062497,1.1779108368838138,SEGUINDO CHEIRO,0.3460089469449754,0.0,0.7040564000061923,0.7043400222572239,0.0,0.0,1.2019256611458355,1.1444310987173092,0.0,0.0,0.0,29.46809439845178,5.339591224464366,0.0,0.0
0.23000000000000018,2.935772651547247,1.3298791056897952,SEGUINDO CHEIRO,0.3458281559938505,0.0,0.711903146164738,0.7120857725318455,0.0,0.0,1.1847481936178392,1.1618978289901831,0.0,0.0,0.0,22.94977499313631,4.158477826894048,0.0,0.0
0.24000000000000019,3.0968180961578335,1.5275724976784846,SEGUINDO CHEIRO,0.34564734768604444,0.0,0.7214795702021972,0.721781063147872,0.0,0.0,1.1509805953788126,1.1959547177445105,0.0,0.0,0.0,29.043560461649196,3.238625787970157,0.0,0.0
0.25000000000000017,3.257369631036696,1.4343528628491269,SEGUINDO CHEIRO,0.34546652201989103,0.0,0.7276853323229563,0.7270797744722486,0.0,0.0,1.13785969821239,1.2093649331993228,0.0,0.0,0.0,22.619147630714078,2.5222442997464025,0.0,0.0
0.2600000000000002,3.4052647244313397,1.3194640231891004,SEGUINDO CHEIRO,0.3452856789937237,0.0,0.7307739312959736,0.7292966986773176,0.0,0.0,1.1217831776759344,1.2257307997999238,0.0,0.0,0.0,28.786067612889934,1.9643258357398843,0.0,0.0
0.2700000000000002,3.594599792709491,1.292654402105305,SEGUINDO CHEIRO,0.34510481860587583,0.0,0.7366351087580589,0.7348750240073797,0.0,0.0,1.1058257693734956,1.2419775819449306,0.0,0.0,0.0,32.525879157767505,1.5298184990816126,0.0,0.0
0.2800000000000002,3.891252047779432,1.1722655971572802,SEGUINDO CHEIRO,0.3449239408546807,0.0,0.7462343462098625,0.7444993214353579,0.0,0.0,1.0956483476417904,1.2524444053002923,0.0,0.0,0.0,36.784214304451886,12.361681570723988,0.0,0.0
0.2900000000000002,4.003477213459652,1.372963391119862,SEGUINDO CHEIRO,0.3447430457384713,0.0,0.7546004870410197,0.7536890888543952,0.0,0.0,1.0833842622694507,1.2649979200800447,0.0,0.0,0.0,28.64757490497349,9.62728728735919,0.0,0.0
0.3000000000000002,4.007496234388462,1.526765841489768,SEGUINDO CHEIRO,0.3445621332555805,0.0,0.756195782909963,0.756094501371267,0.0,0.0,1.1120152644132755,1.236656375130056,0.0,0.0,0.0,32.41802092839249,7.497738878248714,0.0,0.0
0.3100000000000002,4.101245976811049,1.650926198899907,SEGUINDO CHEIRO,0.34438120340434103,0.0,0.7607541201499397,0.7611918937590894,0.0,0.0,1.1139272980501267,1.235033826476132,0.0,0.0,0.0,49.32766761227596,5.839244909645012,0.0,0.0
0.32000000000000023,4.269517078660893,1.9538910754232246,SEGUINDO CHEIRO,0.3442002561830854,0.0,0.7722280934794435,0.7725878803206918,0.0,0.0,1.112276885996636,1.2369737513043089,0.0,0.0,0.0,38.41642616352648,4.547608508177246,0.0,0.0
0.33000000000000024,4.518311151254572,1.9283300241471764,SEGUINDO CHEIRO,0.3440192915901462,0.0,0.7819263082065107,0.7816796511366844,0.0,0.0,1.0933428066289024,1.256197371241156,0.0,0.0,0.0,40.54422060688446,3.5416810672706207,0.0,0.0
0.34000000000000025,4.602597245964601,1.8018406721847815,SEGUINDO CHEIRO,0.3438383096238556,0.0,0.7826897964272276,0.7816071874577046,0.0,0.0,1.051099351231354,1.2987303950049134,0.0,0.0,0.0,54.51057760123956,2.7582639885795266,0.0,0.0
0.35000000000000026,4.7186466419442565,1.7522721751068047,SEGUINDO CHEIRO,0.34365731028254554,0.0,0.7858962780877037,0.7841797720018671,0.0,0.0,1.0389504514451022,1.311168890957138,0.0,0.0,0.0,42.45288052151994,2.148138154223391,0.0,0.0
0.36000000000000026,5.069591856784942,1.6309311353225804,SEGUINDO CHEIRO,0.3434762935645481,0.0,0.7963240954545461,0.7949658220481656,0.0,0.0,1.0657012400182244,1.2847077263524218,0.0,0.0,0.0,42.9200544377826,1.6729716766547382,0.0,0.0
0.3700000000000003,5.248694797801386,1.8053456227105915,SEGUINDO CHEIRO,0.34329525946819495,0.0,0.805446262640437,0.8044995872909128,0.0,0.0,1.0832777785308703,1.2674208396132838,0.0,0.0,0.0,44.596429731294506,1.3029116518349906,0.0,0.0
0.3800000000000003,5.215812255626879,1.9414373789197683,SEGUINDO CHEIRO,0.34311420799181785,0.0,0.8060934726665039,0.8060417255690121,0.0,0.0,1.1217122752585325,1.2292760224669008,0.0,0.0,0.0,34.73173439692103,1.014708614721948,0.0,0.0
0.3900000000000003,5.259665521161034,2.0730820547646713,SEGUINDO CHEIRO,0.34293313913374807,0.0,0.8096586206319751,0.8103058309935502,0.0,0.0,1.1159889669757674,1.2352890381413866,0.0,0.0,0.0,38.50213609204681,11.96051358941686,0.0,0.0
0.4000000000000003,5.452961246002589,2.34647329550567,SEGUINDO CHEIRO,0.3427520528923169,0.0,0.8197375254349125,0.8201859848185593,0.0,0.0,1.1134288885376025,1.2381388517843832,0.0,0.0,0.0,29.985493738407836,9.314857349374027,0.0,0.0
0.4100000000000003,5.695715759153182,2.438841715071072,SEGUINDO CHEIRO,0.34257094926585563,0.0,0.8294315591680512,0.8297422585492578,0.0,0.0,1.1148590842764514,1.2369984190661476,0.0,0.0,0.0,34.80576015055141,7.254418197890918,0.0,0.0
0.4200000000000003,5.778217003567199,2.338417130643851,SEGUINDO CHEIRO,0.3423898282526951,0.0,0.8316701707455648,0.8311853291606686,0.0,0.0,1.0769642149846315,1.275183079197032,0.0,0.0,0.0,27.10675326064492,5.649746573244894,0.0,0.0
0.4300000000000003,5.929449020817854,2.246775744971518,SEGUINDO CHEIRO,0.34220868985116615,0.0,0.8357433448505568,0.8345619214140158,0.0,0.0,1.0853082714798603,1.2671288413619903,0.0,0.0,0.0,30.968478509899718,4.400027055398106,0.0,0.0
0.44000000000000034,6.205677070964408,2.1996916368209973,SEGUINDO CHEIRO,0.3420275340595993,0.0,0.8427973546875772,0.8417627425414194,0.0,0.0,1.0994439471995852,1.2532830121262466,0.0,0.0,0.0,33.975993158025965,3.4267445162794106,0.0,0.0
0.45000000000000034,6.448124918361081,2.2299675203513187,SEGUINDO CHEIRO,0.34184636087632514,0.0,0.850867130389699,0.8498649401070288,0.0,0.0,1.1381101841005477,1.214906649535729,0.0,0.0,0.0,37.354993156868126,2.668751312664046,0.0,0.0
0.46000000000000035,6.4524226805093585,2.3908849648979436,SEGUINDO CHEIRO,0.34166517029967414,0.0,0.8539306686170004,0.85379591304664,0.0,0.0,1.1606299793598527,1.1926767564160055,0.0,0.0,0.0,29.09209792219585,2.0784256121255966,0.0,0.0
0.47000000000000036,6.4998922575499885,2.5592769807250058,SEGUINDO CHEIRO,0.3414839623279763,0.0,0.8571515193163205,0.8576716585213204,0.0,0.0,1.1539236865187692,1.1996729792284773,0.0,0.0,0.0,32.514666486982215,1.6186794942790776,0.0,0.0
0.48000000000000037,6.636136572232784,2.735524526136576,SEGUINDO CHEIRO,0.34130273695956165,0.0,0.8631167743748389,0.8637288661472328,0.0,0.0,1.148809453753848,1.205077169799267,0.0,0.0,0.0,48.03062555281375,1.2606288576861704,0.0,0.0
0.4900000000000004,6.80168058252889,2.965478143405644,SEGUINDO CHEIRO,0.3411214941927601,0.0,0.871169481771667,0.8719293788190748,0.0,0.0,1.1480692384681666,1.2061073707279693,0.0,0.0,0.0,61.18950164183069,0.9817787415284,0.0,0.0
0.5000000000000003,6.970686270217229,2.8965490934120544,SEGUINDO CHEIRO,0.3409402340259012,0.0,0.8767585235577876,0.876747076347254,0.0,0.0,1.1267725815013159,1.2276940411776645,0.0,0.0,0.0,58.27990962233197,0.7646100527051758,0.0,0.0
0.5100000000000003,7.123557645854057,2.7838110008135613,SEGUINDO CHEIRO,0.3407589564573146,0.0,0.879337856879517,0.8786374154859303,0.0,0.0,1.1079220424191814,1.2468346215851411,0.0,0.0,0.0,45.38843925120281,0.5954789077910587,0.0,0.0
0.5200000000000004,7.296312937828194,2.767604331692159,SEGUINDO CHEIRO,0.3405776614853296,0.0,0.8834730711408608,0.8824742501698705,0.0,0.0,1.112765125077882,1.2422816080969525,0.0,0.0,0.0,45.45581919052804,0.46375943969018113,0.0,0.0
0.5300000000000004,7.613976611815378,2.663409414196928,SEGUINDO CHEIRO,0.3403963491082753,0.0,0.8912920668642699,0.8902627172756749,0.0,0.0,1.1275200708414514,1.2278167593517382,0.0,0.0,0.0,47.44127134454477,0.3611762147874688,0.0,0.0
0.5400000000000004,7.707362604564852,2.8732026454470545,SEGUINDO CHEIRO,0.3402150193244809,0.0,0.8972352244502773,0.8969316014587143,0.0,0.0,1.1367552219725527,1.2188717330895094,0.0,0.0,0.0,48.400333419331126,0.28128431890324646,0.0,0.0
0.5500000000000004,7.700655505451485,3.0277659220256545,SEGUINDO CHEIRO,0.34003367213227514,0.0,0.8980890917337657,0.8984280382578526,0.0,0.0,1.1727396149944,1.183177492789725,0.0,0.0,0.0,59.800320499585496,0.21906444782755496,0.0,0.0
0.5600000000000004,7.782598152611065,3.152469152013097,SEGUINDO CHEIRO,0.3398523075299869,0.0,0.9011082029974076,0.9018640831300903,0.0,0.0,1.1657873708901532,1.1904199174719,0.0,0.0,0.0,46.57253643299814,0.17060756351120462,0.0,0.0
0.5700000000000004,7.925573311568148,3.465854469248819,SEGUINDO CHEIRO,0.3396709255159446,0.0,0.9088356393271046,0.9096132799619567,0.0,0.0,1.193838956314521,1.1626585404839982,0.0,0.0,0.0,36.270727843640465,0.13286930406043052,0.0,0.0
0.5800000000000004,8.172723956442084,3.4540358268596325,SEGUINDO CHEIRO,0.3394895260884768,0.0,0.9158840311120408,0.9161253992650753,0.0,0.0,1.1838544723066071,1.1729332607895921,0.0,0.0,0.0,38.87314907512223,0.10347871804841582,0.0,0.0
0.5900000000000004,8.26554018803006,3.3260983546768967,SEGUINDO CHEIRO,0.3393081092459117,0.0,0.916678845347899,0.9162436900833324,0.0,0.0,1.142715943225972,1.2143620540317952,0.0,0.0,0.0,40.38170609945905,0.0805893066473313,0.0,0.0
0.6000000000000004,8.383964966850503,3.2859886395076585,SEGUINDO CHEIRO,0.33912667498657734,0.0,0.919102433473995,0.9181687099476312,0.0,0.0,1.095236537933481,1.2621317513524177,0.0,0.0,0.0,41.307022176004125,0.06276301512412313,0.0,0.0
0.6100000000000004,8.746597848127958,3.1882746681155267,SEGUINDO CHEIRO,0.3389452233088016,0.0,0.9265768770484096,0.9257685720053761,0.0,0.0,1.106595689418425,1.2510629197648437,0.0,0.0,0.0,44.51498520285357,0.04887988532658948,0.0,0.0
0.6200000000000004,8.923944457697695,3.3712321203616447,SEGUINDO CHEIRO,0.3387637542109123,0.0,0.9327878036071892,0.9323018045297293,0.0,0.0,1.106910960750444,1.2510379962021099,0.0,0.0,0.0,34.66830533439434,0.038067692968788334,0.0,0.0
0.6300000000000004,8.882880009494041,3.5022173964829975,SEGUINDO CHEIRO,0.33858226769123684,0.0,0.9330443795592774,0.9332123825982782,0.0,0.0,1.1060409114831555,1.2521984211132724,0.0,0.0,0.0,50.23921040778736,0.02964714909381415,0.0,0.0
0.6400000000000005,8.913723988878491,3.636007900753869,SEGUINDO CHEIRO,0.3384007637481029,0.0,0.9350225343369881,0.9357111880750159,0.0,0.0,1.1516291001420145,1.2069006359755539,0.0,0.0,0.0,49.23360356577627,0.023089222930097134,0.0,0.0
0.6500000000000005,9.08609572904,3.9155835341734826,SEGUINDO CHEIRO,0.33821924237983764,0.0,0.9411273634125596,0.9417131123779399,0.0,0.0,1.1272731253195196,1.2315470421991317,0.0,0.0,0.0,59.87656058174853,0.017981904898469875,0.0,0.0
0.6600000000000005,9.322018190887341,4.016678850082162,SEGUINDO CHEIRO,0.3380377035847682,0.0,0.947058568726725,0.9475501912653558,0.0,0.0,1.1338275030458458,1.2252831237565076,0.0,0.0,0.0,57.802169994370246,0.014004321616043862,0.0,0.0
0.6700000000000005,9.409857741173806,3.913567790956425,SEGUINDO CHEIRO,0.33785614736122155,0.0,0.9486062616154189,0.9485112214221691,0.0,0.0,1.1316685549675831,1.2277325590037684,0.0,0.0,0.0,45.01637525484198,0.010906576640958756,0.0,0.0
0.6800000000000005,9.561555363017405,3.831457548447324,SEGUINDO CHEIRO,0.33767457370752446,0.0,0.9511936544210889,0.9505954013676944,0.0,0.0,1.115403228430355,1.2442884005979669,0.0,0.0,0.0,45.4219221451199,0.008494050428606967,0.0,0.0
0.6900000000000005,9.841595727835877,3.799982856202903,SEGUINDO CHEIRO,0.33749298262200367,0.0,0.9555594169028284,0.9549731160798998,0.0,0.0,1.1316141872084617,1.2283679847674813,0.0,0.0,0.0,35.37462853522775,0.006615173125247105,0.0,0.0
0.7000000000000005,10.08662001795008,3.8408737482329696,SEGUINDO CHEIRO,0.33731137410298545,0.0,0.9602820057743194,0.9596581576159396,0.0,0.0,1.1326460866317372,1.2276266561851552,0.0,0.0,0.0,38.444251483864235,11.175409627692202,0.0,0.0
0.7100000000000005,10.085127765401237,3.9990569839624777,SEGUINDO CHEIRO,0.33712974814879626,0.0,0.9619652706739521,0.9619424298239097,0.0,0.0,1.135504068167715,1.2250592733861319,0.0,0.0,0.0,40.834876239996284,8.7034177691904,0.0,0.0
0.7200000000000005,10.119124654767957,4.171261449305296,SEGUINDO CHEIRO,0.3369481047577622,0.0,0.9635139646558115,0.9639455440923016,0.0,0.0,1.1523565824990474,1.2084973856904382,0.0,0.0,0.0,31.802233592332996,6.778228574043061,0.0,0.0
0.7300000000000005,10.24806719251145,4.352553370252932,SEGUINDO CHEIRO,0.3367664439282092,0.0,0.966642219292974,0.9671736736869835,0.0,0.0,1.1643245721362345,1.1968200505902526,0.0,0.0,0.0,35.93786215081077,5.278889721301705,0.0,0.0
0.7400000000000005,10.403420920447028,4.592354605318353,SEGUINDO CHEIRO,0.33658476565846324,0.0,0.9706097927467605,0.9713069772825936,0.0,0.0,1.1215223332968385,1.2399129718706907,0.0,0.0,0.0,27.988435184963613,4.111203448697355,0.0,0.0
0.7500000000000006,10.575557997935892,4.5320719025204275,SEGUINDO CHEIRO,0.3364030699468499,0.0,0.9737088033153003,0.9739139716326415,0.0,0.0,1.0958126734469893,1.265913342068302,0.0,0.0,0.0,43.94492616210469,3.2018084652113594,0.0,0.0
0.7600000000000006,10.728462980827564,4.425727089697198,SEGUINDO CHEIRO,0.33622135679169457,0.0,0.9751333616170273,0.9748869609577034,0.0,0.0,1.1219601706599687,1.240056583112484,0.0,0.0,0.0,45.96731199314276,2.4935709399512582,0.0,0.0
0.7700000000000006,10.900204321660537,4.420351927938104,SEGUINDO CHEIRO,0.3360396261913228,0.0,0.9771863378095983,0.9767611820673883,0.0,0.0,1.1353844387650958,1.2269230811765959,0.0,0.0,0.0,35.79937857594714,1.9419950006781375,0.0,0.0
0.7800000000000006,11.215602870507826,4.330664455366994,SEGUINDO CHEIRO,0.33585787814405976,0.0,0.9807870921436795,0.9802128038650005,0.0,0.0,1.1262025656395445,1.2363957483861452,0.0,0.0,0.0,39.62355315449788,1.512427227248886,0.0,0.0
0.7900000000000006,11.299892383592995,4.543253158666698,SEGUINDO CHEIRO,0.3356761126482304,0.0,0.9833958964135809,0.9832693848455706,0.0,0.0,1.1197277905444332,1.2431613454826924,0.0,0.0,0.0,30.85885422479436,1.1778795089199452,0.0,0.0
0.8000000000000006,11.281479980370332,4.700217388141555,SEGUINDO CHEIRO,0.3354943297021595,0.0,0.9835872081332907,0.9838706360959033,0.0,0.0,1.1110194371044761,1.2521605488442036,0.0,0.0,0.0,45.28385549080665,0.9173334839106145,0.0,0.0
0.8100000000000006,11.362336519592775,4.827947301246232,SEGUINDO CHEIRO,0.3353125293041719,0.0,0.9847790190736937,0.9852944019111174,0.0,0.0,1.120795393515167,1.2426754702778655,0.0,0.0,0.0,35.267102116732545,0.7144200356072062,0.0,0.0
0.8200000000000006,11.493686738054937,5.14749058452901,SEGUINDO CHEIRO,0.3351307114525921,0.0,0.9875524137769345,0.9882065003877883,0.0,0.0,1.1436883117074403,1.2200734578554246,0.0,0.0,0.0,38.6363044708526,0.5563908831727928,0.0,0.0
0.8300000000000006,11.746118403192364,5.1506788629886655,SEGUINDO CHEIRO,0.3349488761457446,1.0,0.9904236445828652,0.9907888142139,0.0,0.0,1.1134837760438412,1.2505689272170162,0.0,0.0,0.0,30.08998417688521,0.43331765550876133,0.0,0.0
0.8400000000000006,11.84331071150534,5.029319017933423,SEGUINDO CHEIRO,0.3347670233819535,1.0,0.9909566546333035,0.9909545983449596,0.0,0.0,1.0973994307206696,1.266944234169022,0.0,0.0,0.0,23.434103239564372,0.3374681294288885,0.0,0.0
0.8500000000000006,11.95691001460076,4.9912876873328065,SEGUINDO CHEIRO,0.33458515315954285,1.0,0.9918424055079973,0.9915773846316543,0.0,0.0,1.122510759229613,1.2421238952224358,0.0,0.0,0.0,29.993467039629454,0.2628204434608604,0.0,0.0
0.8600000000000007,12.315534172601515,4.912454308534067,SEGUINDO CHEIRO,0.3344032654768366,1.0,0.9941848806080995,0.9938425122180338,0.0,0.0,1.1371058960766987,1.227819775873912,0.0,0.0,0.0,33.46620277679221,0.20468476717449186,0.0,0.0
0.8700000000000007,12.481983347494582,5.106788926553961,SEGUINDO CHEIRO,0.33422136033215843,1.0,0.9959051457389819,0.9957268021192864,0.0,0.0,1.1384299370129731,1.226786780375086,0.0,3.9800163042120857,0.0,48.515816074128296,0.15940865695828238,0.0,0.0
0.8800000000000007,12.432671047192361,5.237195412304957,SEGUINDO CHEIRO,0.334039437723832,1.0,0.995871707836665,0.9960167396003564,0.0,0.0,1.1260650287740863,1.2394427619929913,0.0,11.59044689551977,0.0,37.78415554987935,0.12414758686747124,0.0,0.0
0.8900000000000007,12.459870085847943,5.370749409667689,SEGUINDO CHEIRO,0.3338574976501807,1.0,0.9962042782629315,0.9965943295214631,0.0,0.0,1.1444092902335858,1.221389601856761,0.0,18.62486412338133,0.0,29.426329929937797,0.09668623786881181,0.0,0.0
0.9000000000000007,12.612725388710892,5.642223263838052,COMENDO,0.33427399846370165,0.9999300000000003,0.9972421538034131,0.9976961414112291,0.0,0.0,0.0,0.0,0.7311548521152414,29.24619408460966,0.0,33.81171187212188,0.0752993177644587,0.0,0.0
0.9100000000000007,12.763535599699647,5.671966626006001,COMENDO,0.3349634611080377,0.9998300000000008,0.9978529247101497,0.9982656261280818,0.0,0.0,0.0,0.0,0.7747142103338169,30.988568413352677,0.0,26.332587682993225,0.05864316763970294,0.0,0.0
0.9200000000000007,12.792448092858727,5.571784021574201,COMENDO,0.335744297280099,0.9997300000000012,0.9979806894330603,0.9981999044066288,0.0,0.0,0.0,0.0,0.8106272926750251,32.425091707001,0.0,32.25080899389212,0.04567134487958829,0.0,0.0
0.9300000000000007,12.839800041137963,5.539049817587912,COMENDO,0.3366593919789565,0.9996300000000017,0.9981063917165239,0.9982347222164234,0.0,0.0,0.0,0.0,0.9399073197355469,37.596292789421874,0.0,25.116955299129472,0.03556887915614753,0.0,0.0
0.9400000000000007,12.985929380027535,5.527121673871411,COMENDO,0.3376050399111704,0.9995300000000021,0.9984473383748936,0.9985204487175866,0.0,0.0,0.0,0.0,1.0,42.51781329904736,0.0,41.96448206475362,0.027701070939779856,0.0,0.0
0.9500000000000007,13.030104680041616,5.557721130673529,COMENDO,0.3385644791894941,0.9994300000000026,0.9985568646627673,0.998611504921823,0.0,0.0,0.0,0.0,1.0,43.233196056670124,0.0,32.681971493216025,0.02157361573981708,0.0,0.0
0.9600000000000007,13.006778159035267,5.60381965817246,COMENDO,0.33952447918949397,0.999330000000003,0.9983812057033392,0.9985275251321416,0.0,0.0,0.0,0.0,1.0,43.82336633167721,0.0,35.81587883684673,0.01680154883185112,0.0,0.0
0.9700000000000008,13.022666373766343,5.6313141202715595,COMENDO,0.3404844791894938,0.9992300000000035,0.9983229717649218,0.9985081404037577,0.0,0.0,0.0,0.0,1.0,48.21451446168062,0.0,39.06369221020888,0.013085059387058093,0.0,0.0
0.9800000000000008,13.029504214834729,5.694587811472989,COMENDO,0.34144447918949367,0.999130000000004,0.9982357859413099,0.9984778865645692,0.0,0.0,0.0,0.0,1.0,52.25456577250027,0.0,63.7564897423427,0.010190654497176673,0.0,0.0
0.9900000000000008,13.051212164390968,5.715211418437108,COMENDO,0.3424044791894935,0.9990300000000044,0.9981777280914115,0.99844210827874,0.0,0.0,0.0,0.0,1.0,56.004075485240534,0.0,49.65360413722046,0.007936489702411325,0.0,0.0
1.0000000000000007,13.065548968390736,5.69991966817547,COMENDO,0.34336447918949337,0.9989300000000049,0.998142612371117,0.9983708795675337,0.0,0.0,0.0,0.0,1.0,59.58982294817379,0.0,38.67026578438482,0.0061809443950760785,0.0,0.0
1.0099999999999996,13.080198366328371,5.6996728198892255,COMENDO,0.3443244791894932,0.9988300000000053,0.9980911702399605,0.9983024891888893,0.0,0.0,0.0,0.0,1.0,58.87218954538095,0.0,40.22370043376066,0.004813724335006059,0.0,0.0
1.0199999999999985,13.093566470711385,5.6906015371813865,COMENDO,0.34528447918949307,0.9987300000000058,0.998031424395328,0.9982282055151044,0.0,0.0,0.0,0.0,1.0,62.12533816827137,0.0,42.49650712152451,0.0037489322815925943,0.0,0.0
1.0299999999999974,13.097627649196868,5.6878364329359465,COMENDO,0.3462444791894929,0.9986300000000062,0.9979488657784324,0.9981302503680927,0.0,0.0,0.0,0.0,1.0,61.10505770228691,0.0,42.95403086802891,0.0029196713965859793,0.0,0.0
1.0399999999999963,13.102506329270211,5.698055402493551,COMENDO,0.34720447918949277,0.9985300000000067,0.9978563271117374,0.9980528363269663,0.0,0.0,0.0,0.0,1.0,64.17967604463635,0.0,45.79767686192788,0.002273842369972342,0.0,0.0
1.0499999999999952,13.107364144450136,5.703760050380721,COMENDO,0.3481644791894926,0.9984300000000071,0.9977608422871147,0.9979644482084284,0.0,0.0,0.0,0.0,1.0,63.02816878179914,0.0,46.29274443084582,0.0017708702183153984,0.0,0.0
1.059999999999994,13.114513151484923,5.71442279841122,COMENDO,0.34912447918949246,0.9983300000000076,0.9976800614098652,0.9978858781013791,0.0,0.0,0.0,0.0,1.0,62.00203633844242,0.0,36.05282561326712,0.0013791551127418614,0.0,0.0
1.069999999999993,13.111554960927476,5.717650548020201,COMENDO,0.3500844791894923,0.998230000000008,0.9975712511183148,0.9977840541434294,0.0,0.0,0.0,0.0,1.0,64.97493397508552,0.0,28.07796881954922,0.0010740870817802927,0.0,0.0
1.0799999999999919,13.114021719832381,5.7149309446469845,COMENDO,0.35104447918949216,0.9981300000000085,0.9974807348438165,0.9976876106225011,0.0,0.0,0.0,0.0,1.0,63.929178775248516,0.0,31.724861947705513,0.0008364998603773714,0.0,0.0
1.0899999999999908,13.117278790317483,5.714734732434629,COMENDO,0.352004479189492,0.998030000000009,0.9973900402796567,0.9975933277844282,0.0,0.0,0.0,0.0,1.0,62.76467117761782,0.0,24.707347327705257,0.0006514667463010174,0.0,0.0
1.0999999999999897,13.120224790742066,5.715563163014125,COMENDO,0.35296447918949186,0.9979300000000094,0.9972970645169127,0.9974990426585436,0.0,0.0,0.0,0.0,1.0,61.66051757395056,0.0,30.98507053251461,0.0005073628121642122,0.0,0.0
1.1099999999999886,13.120690685641287,5.712885914065413,COMENDO,0.3539244791894917,0.9978300000000099,0.9971997520279539,0.9973998395219926,0.0,0.0,0.0,0.0,1.0,64.72541811464606,0.0,24.131197194245075,0.00039513455541479836,0.0,0.0
1.1199999999999875,13.121695226422164,5.714235261272712,COMENDO,0.35488447918949156,0.9977300000000103,0.9971013748283791,0.9973028126282242,0.0,0.0,0.0,0.0,1.0,59.55025942092773,0.0,28.900662430630973,0.00030773110117561617,0.0,0.0
1.1299999999999863,13.123244694091824,5.715014284243741,COMENDO,0.3558444791894914,0.9976300000000108,0.9970039231104653,0.9972061137146975,0.0,0.0,0.0,0.0,1.0,54.7888835699518,0.0,32.61512569156014,0.00023966122257099555,0.0,0.0
1.1399999999999852,13.123530332592896,5.715937238944468,COMENDO,0.35680447918949126,0.9975300000000112,0.996903342515012,0.9971068020802557,0.0,0.0,0.0,0.0,1.0,50.40820631231046,0.0,35.50795258786174,0.00018664834781014148,0.0,0.0
1.1499999999999841,13.123159922756539,5.717525131443659,COMENDO,0.3577644791894911,0.9974300000000117,0.9968055135451326,0.9970079412723759,0.0,0.0,0.0,0.0,1.0,54.43801612872107,0.0,39.99866526652271,0.00014536187943352206,0.0,0.0
1.159999999999983,13.123878425504891,5.718065258226315,COMENDO,0.35872447918949096,0.9973300000000122,0.996707153410196,0.996909746595833,0.0,0.0,0.0,0.0,1.0,58.08206144289248,0.0,31.150991831378878,0.00011320794553155805,0.0,0.0
1.169999999999982,13.124412916376201,5.718894710035086,COMENDO,0.3596844791894908,0.9972300000000126,0.9966084984478342,0.9968114225590208,0.0,0.0,0.0,0.0,1.0,61.36838296694763,0.0,45.537941716713334,8.816643662988231e-05,0.0,0.0
1.1799999999999808,13.124488319235216,5.718488684214193,COMENDO,0.36064447918949066,0.9971300000000131,0.9965088774705056,0.9967115564232689,0.0,0.0,0.0,0.0,1.0,60.61099166413547,0.0,46.63524239411843,6.86640898879677e-05,0.0,0.0
1.1899999999999797,13.12591579761097,5.717798978967147,COMENDO,0.3616044791894905,0.9970300000000135,0.9964100144711412,0.9966138980142113,0.0,0.0,0.0,0.0,1.0,55.764804345732315,0.0,46.68269714087696,5.347564697363453e-05,0.0,0.0
1.1999999999999786,13.125831196767901,5.718317408889273,COMENDO,0.36256447918949036,0.996930000000014,0.9963104028913482,0.9965141488825998,0.0,0.0,0.0,0.0,1.0,63.085939367060085,0.0,36.356521089200186,4.164687573831654e-05,0.0,0.0
1.2099999999999775,13.125949638286508,5.7184906898810395,COMENDO,0.3635244791894902,0.9968300000000144,0.9962106009299898,0.9964146141518434,0.0,0.0,0.0,0.0,1.0,70.0510342900863,0.0,39.20895017378995,3.2434619437478404e-05,0.0,0.0
1.2199999999999764,13.12589145049884,5.718338845527815,COMENDO,0.36448447918949006,0.9967300000000149,0.9961106554152929,0.996314610929615,0.0,0.0,0.0,0.0,1.0,64.45006283760112,0.0,30.53596109875529,2.5260107016531178e-05,0.0,0.0
1.2299999999999753,13.125700950714664,5.719386992304036,COMENDO,0.3654444791894899,0.9966300000000153,0.9960132401466503,0.9962153002466773,0.0,0.0,0.0,0.0,1.0,63.41183974487305,0.0,23.781430415548563,1.9672591124941958e-05,0.0,0.0
1.2399999999999742,13.12585160224228,5.718805849239002,COMENDO,0.36640447918948976,0.9965300000000158,0.9959124412637668,0.9961146380551434,0.0,0.0,0.0,0.0,1.0,70.3516994252357,0.0,18.520996630187337,10.363149166642142,0.0,0.0
1.2499999999999731,13.125945251708771,5.718936681287134,COMENDO,0.3673644791894896,0.9964300000000162,0.9958129393580629,0.9960149821608226,0.0,0.0,0.0,0.0,1.0,68.67367542948,0.0,14.424166678852743,8.070828686066672,0.0,0.0
1.259999999999972,13.125853794808249,5.718943951856979,COMENDO,0.36832447918948946,0.9963300000000167,0.9957132017882323,0.9959151166239082,0.0,0.0,0.0,0.0,1.0,75.12870835474784,0.0,22.403810030325086,6.285567700743878,0.0,0.0
1.269999999999971,13.126741283575814,5.7190879777623564,COMENDO,0.3692844791894893,0.9962300000000172,0.9956132250791564,0.9958173777714838,0.0,0.0,0.0,0.0,1.0,77.08426874827597,0.0,50.75137518707985,4.895205047387661,0.0,0.0
1.2799999999999698,13.126173169706044,5.718888506744206,COMENDO,0.37024447918948916,0.9961300000000176,0.9955116492947845,0.9957156459241289,0.0,0.0,0.0,0.0,1.0,70.92095091763701,0.0,39.525210737648436,3.812389524200602,0.0,0.0
1.2899999999999687,13.12635000556477,5.71885157946433,COMENDO,0.371204479189489,0.9960300000000181,0.9954119302832306,0.9956160228778311,0.0,0.0,0.0,0.0,1.0,65.25042477197233,0.0,43.12730905937658,2.9690919468206483,0.0,0.0
1.2999999999999676,13.126346193405682,5.718882040299863,COMENDO,0.37216447918948886,0.9959300000000185,0.9953118833347748,0.9955160069773477,0.0,0.0,0.0,0.0,1.0,60.03328886364397,0.0,55.10752297489901,2.3123311331949212,0.0,0.0
1.3099999999999665,13.128578739142178,5.719851356548624,COMENDO,0.3731244791894887,0.995830000000019,0.9952163928150707,0.995419828186875,0.0,0.0,0.0,0.0,1.0,55.23329211082439,0.0,42.917782045976764,1.8008452972525926,0.0,0.0
1.3199999999999654,13.128767893643708,5.721542538009132,COMENDO,0.37408447918948856,0.9957300000000194,0.9951179752451506,0.9953228834793276,0.0,0.0,0.0,0.0,1.0,59.013341361879235,0.0,43.78753611070733,1.4024997276907754,0.0,0.0
1.3299999999999643,13.128947227245844,5.721991630402279,COMENDO,0.3750444791894884,0.9956300000000199,0.9950181233584277,0.9952235069429015,0.0,0.0,0.0,0.0,1.0,58.2749114128227,0.0,34.10176741178626,1.0922678861830073,0.0,0.0
1.3399999999999632,13.1289119204508,5.7219440324471345,COMENDO,0.37600447918948826,0.9955300000000203,0.9949181537183482,0.9951234867946163,0.0,0.0,0.0,0.0,1.0,61.845345575644586,0.0,38.59872692822741,0.8506590850830735,0.0,0.0
1.3499999999999621,13.128908539188794,5.721938633650007,COMENDO,0.3769644791894881,0.9954300000000208,0.9948185524129438,0.9950226082591842,0.0,0.0,0.0,0.0,1.0,61.01538417632136,0.0,42.10096252107218,0.662493961589502,0.0,0.0
1.359999999999961,13.13066659530528,5.722278579316686,COMENDO,0.37792447918948796,0.9953300000000213,0.9947239448065132,0.9949269811329734,0.0,0.0,0.0,0.0,1.0,64.1302014085328,0.0,32.78826257947087,0.5159508160659811,0.0,0.0
1.36999999999996,13.131154540020429,5.722180698704015,COMENDO,0.3788844791894878,0.9952300000000217,0.9946255496094949,0.9948280203231802,0.0,0.0,0.0,0.0,1.0,63.04953938813755,0.0,25.535524572442743,0.40182289957851625,0.0,0.0
1.3799999999999588,13.131141902301588,5.722179192668631,COMENDO,0.37984447918948766,0.9951300000000222,0.9945255653673352,0.9947280450630468,0.0,0.0,0.0,0.0,1.0,58.00837655900748,0.0,19.887086533157497,0.31293998884777074,0.0,0.0
1.3899999999999577,13.130333622755419,5.722155655070269,COMENDO,0.3808044791894875,0.9950300000000226,0.9944233666581088,0.9946265492646943,0.0,0.0,0.0,0.0,1.0,57.38360454126325,0.0,26.113556392957086,0.24371790836900037,0.0,0.0
1.3999999999999566,13.131945399271242,5.723164522467286,COMENDO,0.38176447918948736,0.9949300000000231,0.9943255564322231,0.9945303710035849,0.0,0.0,0.0,0.0,1.0,68.75357149940454,0.0,30.44452532691669,0.18980769788630228,0.0,0.0
1.4099999999999555,13.131926669970643,5.723474331697219,COMENDO,0.3827244791894872,0.9948300000000235,0.9942252474012879,0.9944305469199357,0.0,0.0,0.0,0.0,1.0,75.4664803252615,0.0,44.96117582069041,0.14782238374683276,0.0,0.0
1.4199999999999544,13.131955215555275,5.7235412825946925,COMENDO,0.38368447918948706,0.994730000000024,0.9941254509385734,0.9943307286433382,0.0,0.0,0.0,0.0,1.0,69.43251371499058,0.0,46.468833083261465,0.11512418821751504,0.0,0.0
1.4299999999999533,13.13147558598957,5.7232406560354585,COMENDO,0.3846444791894869,0.9946300000000244,0.9940240804685634,0.9942297555542372,0.0,0.0,0.0,0.0,1.0,67.76274578868339,0.0,57.17857526719644,0.08965880793426045,0.0,0.0
1.4399999999999522,13.132657407973358,5.724296062286808,COMENDO,0.38560447918948676,0.9945300000000249,0.9939291757328009,0.9941324991453919,0.0,0.0,0.0,0.0,1.0,62.34473578282484,0.0,56.57096295680919,0.06982634982845069,0.0,0.0
1.449999999999951,13.132610937969863,5.724009245615193,COMENDO,0.3865644791894866,0.9944300000000253,0.9938290292981583,0.9940322783248745,0.0,0.0,0.0,0.0,1.0,61.33994224274098,0.0,44.05751024986641,0.05438081592541522,0.0,0.0
1.45999999999995,13.132699757177567,5.724022041694882,COMENDO,0.38752447918948646,0.9943300000000258,0.9937293257335792,0.9939325435102596,0.0,0.0,0.0,0.0,1.0,68.47739428057135,0.0,56.39053545699431,0.04235182202677528,0.0,0.0
1.469999999999949,13.132464092572961,5.72362953423711,COMENDO,0.3884844791894863,0.9942300000000263,0.9936291736939845,0.993832047117513,0.0,0.0,0.0,0.0,1.0,63.00224413620964,0.0,54.81145625149178,0.03298363215895335,0.0,0.0
1.4799999999999478,13.133390378662002,5.724404804015282,COMENDO,0.38944447918948616,0.9941300000000267,0.9935285071167406,0.9937341022237891,0.0,0.0,0.0,0.0,1.0,66.02676954887286,0.0,53.05033889555859,0.025687678553932024,0.0,0.0
1.4899999999999467,13.133052821405773,5.7247508397011035,COMENDO,0.390404479189486,0.9940300000000272,0.9934280878852572,0.9936338548329546,0.0,0.0,0.0,0.0,1.0,68.8077879990552,0.0,63.767956619200525,0.020005584173088786,0.0,0.0
1.4999999999999456,13.133143184949096,5.724831895455027,COMENDO,0.39136447918948586,0.9939300000000276,0.9933283527536444,0.9935341276551776,0.0,0.0,0.0,0.0,1.0,75.08441200583992,0.0,73.15581246000275,0.01558036461980244,0.0,0.0
1.5099999999999445,13.132903418038333,5.724816573823926,COMENDO,0.3923244791894857,0.9938300000000281,0.9932282006143427,0.9934339950012768,0.0,0.0,0.0,0.0,1.0,77.01130063795716,0.0,56.97380403007494,0.012134000166440145,0.0,0.0
1.5199999999999434,13.133109089053207,5.725719386633565,COMENDO,0.39328447918948556,0.9937300000000285,0.9931304594018963,0.9933344086129027,0.0,0.0,0.0,0.0,1.0,78.78082063311514,0.0,44.3712431931791,0.009449968831412137,0.0,0.0
1.5299999999999423,13.133141919178968,5.72532096794772,COMENDO,0.3942444791894854,0.993630000000029,0.9930303368367178,0.9932344937948687,0.0,0.0,0.0,0.0,1.0,80.61122398818621,0.0,55.28910393192728,0.007359643125904138,0.0,0.0
1.5399999999999412,13.133177599616344,5.72542533771912,COMENDO,0.39520447918948526,0.9935300000000294,0.9929305043845589,0.9931346146130209,0.0,0.0,0.0,0.0,1.0,82.29358305656984,0.0,54.80216652358182,0.005731695829580221,0.0,0.0
1.54999999999994,13.13313294765138,5.725408593751661,COMENDO,0.3961644791894851,0.9934300000000299,0.9928304686418368,0.9930345663339397,0.0,0.0,0.0,0.0,1.0,83.57660898708006,0.0,42.679970202575014,0.004463849200404177,0.0,0.0
1.559999999999939,13.13336717830086,5.7252327292860405,COMENDO,0.39712447918948496,0.9933300000000304,0.9927281875271956,0.9929343168826398,0.0,0.0,0.0,0.0,1.0,89.00800123102799,0.0,53.70959522014481,0.0034764492527874355,0.0,0.0
1.569999999999938,13.133421313007503,5.725760785052371,COMENDO,0.3980844791894848,0.9932300000000308,0.9926293191231443,0.9928355564622149,0.0,0.0,0.0,0.0,1.0,98.04983620426776,0.0,51.686792659883054,0.0027074614003788533,0.0,0.0
1.5799999999999368,13.133477454835772,5.725667346632371,COMENDO,0.39904447918948466,0.9931300000000313,0.9925292910540022,0.992735552918825,0.0,0.0,0.0,0.0,1.0,94.12443657599374,0.0,50.11143244195234,0.0021085730587506522,0.0,0.0
1.5899999999999357,13.133450473218454,5.725653400784364,COMENDO,0.4000044791894845,0.9930300000000317,0.992429337511833,0.992635573307524,0.0,0.0,0.0,0.0,1.0,98.44293175158228,0.0,39.026822826622265,0.001642158349318274,0.0,0.0
1.5999999999999346,13.133209252356528,5.725486093703724,COMENDO,0.40096447918948436,0.9929300000000322,0.9923298275394872,0.9925344099032404,0.0,0.0,0.0,0.0,1.0,94.65264041442133,0.0,53.60462166765384,0.0012789142083763166,0.0,0.0
1.6099999999999335,13.133519990995724,5.726137899450482,COMENDO,0.4019244791894842,0.9928300000000326,0.9922315325168638,0.9924360832850341,0.0,0.0,0.0,0.0,1.0,98.96109107019637,0.0,52.641784410784,0.0009960193869646204,0.0,0.0
1.6199999999999324,13.133370398586804,5.726222661081015,COMENDO,0.40288447918948406,0.9927300000000331,0.9921311881256591,0.9923357508894792,0.0,0.0,0.0,0.0,1.0,94.9303484562904,0.0,40.99746292139463,0.0007757006785223464,0.0,0.0
1.6299999999999313,13.133382798857387,5.72619375065287,COMENDO,0.4038444791894839,0.9926300000000335,0.9920313170927467,0.99223586463831,0.0,0.0,0.0,0.0,1.0,99.3837392817367,0.0,56.31414397676604,0.0006041162958622232,0.0,0.0
1.6399999999999302,13.132559561990487,5.726169298069408,COMENDO,0.40480447918948376,0.992530000000034,0.9919291993946303,0.9921344030461802,0.0,0.0,0.0,0.0,1.0,95.51822512778111,0.0,43.8574994271012,0.00047048624428369553,0.0,0.0
1.649999999999929,13.133751946444974,5.726276387162944,COMENDO,0.4057644791894836,0.9924300000000345,0.9918303509846366,0.992036873251369,0.0,0.0,0.0,0.0,1.0,92.0303632046833,0.0,44.01397274136619,0.0003664150554724662,0.0,0.0
1.659999999999928,13.133628868404854,5.726170877894337,COMENDO,0.40672447918948346,0.9923300000000349,0.9917299289725695,0.9919364589379731,0.0,0.0,0.0,0.0,1.0,84.67202164277685,0.0,45.73115058335612,0.0002853643321311088,0.0,0.0
1.6699999999999269,13.13366203841996,5.726246056333793,COMENDO,0.4076844791894833,0.9922300000000354,0.9916301547726251,0.9918366700597134,0.0,0.0,0.0,0.0,1.0,77.90202058781003,0.0,46.78571361075617,0.00022224196532435588,0.0,0.0
1.6799999999999258,13.133175473710795,5.725939550198214,COMENDO,0.40864447918948316,0.9921300000000358,0.9915287727664417,0.9917356871637977,0.0,0.0,0.0,0.0,1.0,87.73270990123854,0.0,36.43675039661137,0.00017308221662593629,0.0,0.0
1.6899999999999247,13.133644703497833,5.7269812317984705,COMENDO,0.409604479189483,0.9920300000000363,0.9914322256558863,0.9916370400782553,0.0,0.0,0.0,0.0,1.0,88.67829872497401,0.0,52.17504787358862,0.00013479656584401361,0.0,0.0
1.6999999999999236,13.13347758303475,5.726704209543022,COMENDO,0.41056447918948286,0.9919300000000367,0.9913317759520648,0.9915365966420888,0.0,0.0,0.0,0.0,1.0,81.587973440743,0.0,40.63396814073882,0.00010497967103465392,0.0,0.0
1.7099999999999225,13.133592552389283,5.726716254103001,COMENDO,0.4115244791894827,0.9918300000000372,0.9912321330485879,0.9914369098761019,0.0,0.0,0.0,0.0,1.0,75.06455926508116,0.0,31.64576620730589,8.17582500083669e-05,0.0,0.0
1.7199999999999214,13.133353001913973,5.726307343713051,COMENDO,0.41248447918948256,0.9917300000000376,0.9911319708082914,0.9913363976209368,0.0,0.0,0.0,0.0,1.0,73.17764789707897,0.0,47.353925334590876,6.367338912906381e-05,0.0,0.0
1.7299999999999203,13.1341066919487,5.726375557141623,COMENDO,0.4134444791894824,0.9916300000000381,0.991031077638622,0.9912377757071361,0.0,0.0,0.0,0.0,1.0,75.52294567714414,0.0,60.1187811976867,4.958888531452515e-05,0.0,0.0
1.7399999999999192,13.133735752553175,5.726596221384589,COMENDO,0.41440447918948226,0.9915300000000385,0.9909306380636371,0.9911372869248114,0.0,0.0,0.0,0.0,1.0,77.57855692968653,0.0,46.820553874056834,3.8619862714590254e-05,0.0,0.0
1.749999999999918,13.133828365276209,5.7266650029772155,COMENDO,0.4153644791894821,0.991430000000039,0.9908308943101255,0.9910375465671036,0.0,0.0,0.0,0.0,1.0,71.3757179981611,0.0,48.80892800678604,3.0077179324233024e-05,0.0,0.0
1.759999999999917,13.13358275724907,5.726648616037511,COMENDO,0.41632447918948196,0.9913300000000395,0.990730734556686,0.9909374061008235,0.0,0.0,0.0,0.0,1.0,73.83150605136164,0.0,48.37556519817354,2.342413081029173e-05,0.0,0.0
1.7699999999999159,13.133600778870882,5.727431517703753,COMENDO,0.4172844791894818,0.9912300000000399,0.9906326041404823,0.9908373740848907,0.0,0.0,0.0,0.0,1.0,71.97517053938974,0.0,37.67492805785933,1.8242731417822212e-05,0.0,0.0
1.7799999999999148,13.133703668659333,5.726976777249263,COMENDO,0.41824447918948165,0.9911300000000404,0.9905327171436373,0.990737624452861,0.0,0.0,0.0,0.0,1.0,74.25145667885296,0.0,40.79429761991636,1.4207453513561252e-05,0.0,0.0
1.7899999999999137,13.133752534596304,5.72708187411741,COMENDO,0.4192044791894815,0.9910300000000408,0.9904328560668423,0.9906377178025079,0.0,0.0,0.0,0.0,1.0,72.3615437686332,0.0,41.62834877522489,1.1064775921812082e-05,0.0,0.0
1.7999999999999126,13.133698722528937,5.727067529541991,COMENDO,0.42016447918948135,0.9909300000000413,0.9903328049516543,0.9905376544119591,0.0,0.0,0.0,0.0,1.0,70.65660507492872,0.0,42.78332446972746,8.61725615241687e-06,0.0,0.0
1.8099999999999115,13.133875415043567,5.726687625704968,COMENDO,0.4211244791894812,0.9908300000000417,0.9902304465742751,0.9904372663478076,0.0,0.0,0.0,0.0,1.0,68.98723116007012,0.0,44.77272074571841,6.711125839429135e-06,0.0,0.0
1.8199999999999104,13.13390079405119,5.727048170944686,COMENDO,0.42208447918948105,0.9907300000000422,0.9901315760633504,0.9903382863020163,0.0,0.0,0.0,0.0,1.0,71.49796008243226,0.0,47.21407396283651,5.226630059038147e-06,0.0,0.0
1.8299999999999093,13.133960205468053,5.726922911678856,COMENDO,0.4230444791894809,0.9906300000000426,0.9900315384438093,0.990238231201274,0.0,0.0,0.0,0.0,1.0,77.85930763648992,0.0,46.877624933550706,4.07050358280345e-06,0.0,0.0
1.8399999999999082,13.133931141028068,5.726905847781003,COMENDO,0.42400447918948075,0.9905300000000431,0.9899315786669884,0.9901382420475628,0.0,0.0,0.0,0.0,1.0,71.63402111785877,0.0,36.50833100677687,3.1701113777822837e-06,0.0,0.0
1.849999999999907,13.133606036317737,5.726713746201929,COMENDO,0.4249644791894806,0.9904300000000436,0.9898320383527635,0.9900370099608297,0.0,0.0,0.0,0.0,1.0,69.88649733113702,0.0,50.330678384503315,2.4688852234404115e-06,0.0,0.0
1.859999999999906,13.134004015814408,5.727270291074259,COMENDO,0.42592447918948045,0.990330000000044,0.9897338381220421,0.9899387020096061,0.0,0.0,0.0,0.0,1.0,64.29868152751973,0.0,39.19757173836619,1.922769745328812e-06,0.0,0.0
1.8699999999999048,13.133824868212177,5.727360174217342,COMENDO,0.4268844791894803,0.9902300000000445,0.9896334138403439,0.9898382945116708,0.0,0.0,0.0,0.0,1.0,67.25145435375093,0.0,30.527099564337146,1.4974545833280836e-06,0.0,0.0
1.8799999999999037,13.133840182345397,5.727334591954421,COMENDO,0.42784447918948015,0.9901300000000449,0.9895335584007882,0.9897384238851621,0.0,0.0,0.0,0.0,1.0,69.90208316412077,0.0,34.13766289121726,1.166218802109775e-06,0.0,0.0
1.8899999999999026,13.133009135589765,5.7273058873361125,COMENDO,0.42880447918948,0.9900300000000454,0.9894314275665268,0.989636958043564,0.0,0.0,0.0,0.0,1.0,68.29303749031587,0.0,26.586438591907626,9.08252116315688e-07,0.0,0.0
1.8999999999999015,13.134204421160373,5.727287479595024,COMENDO,0.42976447918947985,0.9899300000000458,0.9893325916577327,0.9895393421095924,0.0,0.0,0.0,0.0,1.0,70.96030437084185,0.0,32.44850828053805,7.073474594129182e-07,0.0,0.0
1.9099999999999004,13.134054643143998,5.72709085945784,COMENDO,0.4307244791894797,0.9898300000000463,0.9892321345192636,0.9894388087077611,0.0,0.0,0.0,0.0,1.0,69.3335374699532,0.0,48.75686183054315,5.508827552943493e-07,0.0,0.0
1.9199999999998993,13.134082508418196,5.727168683435123,COMENDO,0.43168447918947955,0.9897300000000467,0.9891323582228211,0.9893390182193689,0.0,0.0,0.0,0.0,1.0,71.652791431772,0.0,62.05236970134999,4.2902792120377204e-07,0.0,0.0
1.9299999999998982,13.133602553888451,5.726877975500599,COMENDO,0.4326444791894794,0.9896300000000472,0.9890309841560327,0.9892380423280537,0.0,0.0,0.0,0.0,1.0,73.78551620514617,0.0,60.06940320092824,3.3412728099299453e-07,0.0,0.0
1.9399999999998971,13.13407882753836,5.727824767737819,COMENDO,0.43360447918947925,0.9895300000000476,0.9889344827018702,0.9891393454867724,0.0,0.0,0.0,0.0,1.0,67.88595206508616,0.0,46.78209825151484,2.602185880828633e-07,0.0,0.0
1.949999999999896,13.133891899380039,5.727558109860699,COMENDO,0.4345644791894791,0.9894300000000481,0.9888340091129629,0.9890388936902212,0.0,0.0,0.0,0.0,1.0,62.458091029276495,0.0,36.43393475200314,2.026584401686692e-07,0.0,0.0
1.959999999999895,13.134014508013122,5.727568550255507,COMENDO,0.43552447918947895,0.9893300000000486,0.9887343784028533,0.9889392197565511,0.0,0.0,0.0,0.0,1.0,57.464217799895685,0.0,49.10752190246018,1.5783055189938895e-07,0.0,0.0
1.9699999999998938,13.13377315385175,5.7271587374777,COMENDO,0.4364844791894788,0.989230000000049,0.9886342128683107,0.988838705330734,0.0,0.0,0.0,0.0,1.0,52.869632627836985,0.0,49.415234238014236,1.2291855741183605e-07,0.0,0.0
1.9799999999998927,13.134536137394647,5.727108678172975,COMENDO,0.43744447918947865,0.9891300000000495,0.9885333338302635,0.9887400056857674,0.0,0.0,0.0,0.0,1.0,48.64241020274565,0.0,50.829667106056064,9.572906876634531e-08,0.0,0.0
1.9899999999998916,13.134143722485716,5.727304549370496,COMENDO,0.4384044791894785,0.9890300000000499,0.9884328839825531,0.988639475551906,0.0,0.0,0.0,0.0,1.0,48.868097229773774,0.0,39.586184545455275,7.455387371792606e-08,0.0,0.0
1.9999999999998905,13.134241791687089,5.7273820110466325,COMENDO,0.43936447918947835,0.9889300000000504,0.9883331521876632,0.9885397554680836,0.0,0.0,0.0,0.0,1.0,53.08849657962184,0.0,41.45522935073494,5.8062615232527413e-08,0.0,0.0
2.0099999999998897,13.133996866746182,5.727364930110411,COMENDO,0.4403244791894782,0.9888300000000508,0.9882329926311946,0.9884396150945866,0.0,0.0,0.0,0.0,1.0,56.738023484298296,0.0,43.738399227053726,4.5219210210266007e-08,0.0,0.0
2.0199999999998886,13.133986579453804,5.728118722631734,COMENDO,0.44128447918947805,0.9887300000000513,0.9881348134174073,0.9883394991507407,0.0,0.0,0.0,0.0,1.0,52.20150160383602,0.0,44.170766727621576,3.5216756321625615e-08,0.0,0.0
2.0299999999998875,13.13411683523219,5.727652405456152,COMENDO,0.4422444791894779,0.9886300000000517,0.9880350071038345,0.9882398117067768,0.0,0.0,0.0,0.0,1.0,51.9419324068102,0.0,34.40022771633601,2.7426837400516865e-08,0.0,0.0
2.0399999999998863,13.134165916684701,5.727755949882454,COMENDO,0.44320447918947775,0.9885300000000522,0.9879351403938935,0.9881398984859248,0.0,0.0,0.0,0.0,1.0,51.835790569102954,0.0,26.790924283317118,2.1360042444694614e-08,0.0,0.0
2.0499999999998852,13.134110872853073,5.727742559686684,COMENDO,0.4441644791894776,0.9884300000000527,0.9878350892147483,0.9880398348532837,0.0,0.0,0.0,0.0,1.0,63.75090632202984,0.0,31.490270638979325,1.6635217782366603e-08,0.0,0.0
2.059999999999884,13.134275856979206,5.727306817769748,COMENDO,0.44512447918947745,0.9883300000000531,0.9877327038183554,0.987939399524622,0.0,0.0,0.0,0.0,1.0,66.78134195894657,0.0,24.52464743276756,10.894463092724338,0.0,0.0
2.069999999999883,13.13431862201019,5.727641624248723,COMENDO,0.4460844791894773,0.9882300000000536,0.9876338906941459,0.9878404325379466,0.0,0.0,0.0,0.0,1.0,69.53814166495262,0.0,39.31434894379433,8.484616387756228,0.0,0.0
2.079999999999882,13.13438282573874,5.727513511671151,COMENDO,0.44704447918947715,0.988130000000054,0.9875338607545721,0.9877403789582703,0.0,0.0,0.0,0.0,1.0,68.1275325231043,0.0,30.618045743369464,6.607825886845022,0.0,0.0
2.089999999999881,13.134352013806765,5.727496435943513,COMENDO,0.448004479189477,0.9880300000000545,0.987433897363471,0.9876403856700324,0.0,0.0,0.0,0.0,1.0,66.72726155352309,0.0,23.845358001052222,5.146179975074401,0.0,0.0
2.0999999999998797,13.134019049874606,5.727288485484218,COMENDO,0.44896447918947685,0.9879300000000549,0.9873343817582138,0.9875391691998509,0.0,0.0,0.0,0.0,1.0,69.35235329587368,0.0,18.57078348383745,4.007848994414324,0.0,0.0
2.1099999999998786,13.13442524203281,5.727833877887526,COMENDO,0.4499244791894767,0.9878300000000554,0.987236179310473,0.9874408291592351,0.0,0.0,0.0,0.0,1.0,71.80113837804244,0.0,24.320658563448212,3.1213159352818174,0.0,0.0
2.1199999999998775,13.134239330846972,5.727927354802797,COMENDO,0.45088447918947655,0.9877300000000558,0.9871357448960457,0.9873404111755358,0.0,0.0,0.0,0.0,1.0,74.29007514600357,0.0,18.940947934025726,2.430883294610733,0.0,0.0
2.1299999999998764,13.13425600334181,5.72790198740334,COMENDO,0.4518444791894764,0.9876300000000563,0.9870358926389198,0.9872405437333359,0.0,0.0,0.0,0.0,1.0,72.33018500468539,0.0,14.751225083133935,1.8931738133980343,0.0,0.0
2.1399999999998753,13.133419346024295,5.727875498719876,COMENDO,0.45280447918947625,0.9875300000000568,0.9869337565217094,0.9871390778392317,0.0,0.0,0.0,0.0,1.0,74.44123144781571,0.0,21.345983489993355,1.474405248364666,0.0,0.0
2.1499999999998742,13.134633853189985,5.727787181742095,COMENDO,0.4537644791894761,0.9874300000000572,0.9868349667034834,0.9870414483077552,0.0,0.0,0.0,0.0,1.0,80.19999479585454,0.0,37.87522431328658,1.1482679619909903,0.0,0.0
2.159999999999873,13.134477697795235,5.727592981254245,COMENDO,0.45472447918947595,0.9873300000000577,0.986734490517904,0.9869409003749234,0.0,0.0,0.0,0.0,1.0,73.78755726522677,0.0,29.497254354192687,0.894271987974389,0.0,0.0
2.169999999999872,13.134504812947895,5.727671365356155,COMENDO,0.4556844791894758,0.9872300000000581,0.9866347132332579,0.9868411096370278,0.0,0.0,0.0,0.0,1.0,75.98192251408949,0.0,22.972484789501657,0.6964597245132758,0.0,0.0
2.179999999999871,13.134025676335044,5.727377945627987,COMENDO,0.45664447918947565,0.9871300000000586,0.9865333452091463,0.9867401385198852,0.0,0.0,0.0,0.0,1.0,78.06941878888195,0.0,41.086992375537086,0.5424033788286338,0.0,0.0
2.18999999999987,13.134494760440862,5.728310059712911,COMENDO,0.4576044791894755,0.987030000000059,0.9864368406278232,0.9866414055924032,0.0,0.0,0.0,0.0,1.0,75.94225211869764,0.0,31.9985818361171,0.4224241761723156,0.0,0.0
2.1999999999998687,13.134300749911796,5.728045098611981,COMENDO,0.45856447918947535,0.9869300000000595,0.9863363597242273,0.9865409503781799,0.0,0.0,0.0,0.0,1.0,69.87024489617967,0.0,24.92052059114242,0.32898427919129225,0.0,0.0
2.2099999999998676,13.134426252076679,5.7280550802264845,COMENDO,0.4595244791894752,0.9868300000000599,0.9862367327607732,0.9864412803275762,0.0,0.0,0.0,0.0,1.0,68.230715879124,0.0,19.408120950928772,0.25621321425235993,0.0,0.0
2.2199999999998665,13.134184116782006,5.727645074541898,COMENDO,0.46048447918947505,0.9867300000000604,0.986136566541167,0.9863407663349815,0.0,0.0,0.0,0.0,1.0,74.75419488513724,0.0,26.568093940824546,0.19953905189297946,0.0,0.0
2.2299999999998654,13.134956975604295,5.727551161354201,COMENDO,0.4614444791894749,0.9866300000000608,0.9860356884756695,0.9862420470294145,0.0,0.0,0.0,0.0,1.0,76.63894512992695,0.0,32.434221451909366,0.155401169867578,0.0,0.0
2.2399999999998643,13.134556084722988,5.727753724132604,COMENDO,0.46240447918947475,0.9865300000000613,0.9859352341563362,0.9861415132900307,0.0,0.0,0.0,0.0,1.0,78.30775657309822,0.0,37.300040828867715,0.12102655278308207,0.0,0.0
2.249999999999863,13.13465640785843,5.727831449806417,COMENDO,0.4633644791894746,0.9864300000000618,0.9858355068166155,0.9860417981151588,0.0,0.0,0.0,0.0,1.0,83.82261213391341,0.0,40.219558731799644,0.09425557407989696,0.0,0.0
2.259999999999862,13.134411282412849,5.72781387727192,COMENDO,0.46432447918947445,0.9863300000000622,0.985735346917801,0.9859416570373308,0.0,0.0,0.0,0.0,1.0,93.01170148631778,0.0,31.323023835111915,0.07340631490226852,0.0,0.0
2.269999999999861,13.134376956902925,5.728562378907603,COMENDO,0.4652844791894743,0.9862300000000627,0.9856371285049993,0.9858414840344698,0.0,0.0,0.0,0.0,1.0,93.5360346417572,0.0,24.394395490949424,0.057168895528272826,0.0,0.0
2.27999999999986,13.134519603289617,5.728089928331491,COMENDO,0.46624447918947415,0.9861300000000631,0.9855373590785008,0.9857418258639505,0.0,0.0,0.0,0.0,1.0,90.07062792515745,0.0,18.998374310904953,0.0445231806047462,0.0,0.0
2.289999999999859,13.134568709619554,5.728193158082216,COMENDO,0.467204479189474,0.9860300000000636,0.9854374893591775,0.9856419094062465,0.0,0.0,0.0,0.0,1.0,82.86897814469707,0.0,25.966206516098538,10.929137767688626,0.0,0.0
2.2999999999998577,13.134513089536426,5.72818011332517,COMENDO,0.46816447918947385,0.985930000000064,0.9853374384281669,0.9855418459499399,0.0,0.0,0.0,0.0,1.0,80.35805989669724,0.0,32.262745731940704,8.511621051771161,0.0,0.0
2.3099999999998566,13.134671165620386,5.727720216379699,COMENDO,0.4691244791894737,0.9858300000000645,0.9852350210334334,0.985441382969482,0.0,0.0,0.0,0.0,1.0,81.79420391295304,0.0,46.68655294566814,6.628857140326431,0.0,0.0
2.3199999999998555,13.134720644045412,5.728057718718857,COMENDO,0.47008447918947355,0.9857300000000649,0.9851362293775818,0.9853424309463152,0.0,0.0,0.0,0.0,1.0,87.16574303101936,0.0,47.52978171867304,5.162559131754695,0.0,0.0
2.3299999999998544,13.134787216578138,5.727927735347162,COMENDO,0.4710444791894734,0.9856300000000654,0.9850362016747686,0.9852423786014347,0.0,0.0,0.0,0.0,1.0,92.1721969573129,0.0,37.016231221715486,14.915068174231802,0.0,0.0
2.3399999999998533,13.134755690487506,5.727910601476801,COMENDO,0.47200447918947325,0.9855300000000659,0.9849362372452961,0.9851423841461171,0.0,0.0,0.0,0.0,1.0,84.80251499468964,0.0,38.935537021126606,11.615866773655112,0.0,0.0
2.349999999999852,13.134402755233511,5.727693891728659,COMENDO,0.4729644791894731,0.9854300000000663,0.984836719924053,0.9850411455077982,0.0,0.0,0.0,0.0,1.0,78.02208026738364,0.0,42.06599580743965,9.046446139375709,0.0,0.0
2.359999999999851,13.134819589243666,5.7282383318831025,COMENDO,0.47392447918947295,0.9853300000000668,0.984738517283045,0.984942803482497,0.0,0.0,0.0,0.0,1.0,71.78377916776707,0.0,42.86829763481483,7.045379337359087,0.0,0.0
2.36999999999985,13.134629205707181,5.7283331791200425,COMENDO,0.4748844791894728,0.9852300000000672,0.9846380741427695,0.9848423771634846,0.0,0.0,0.0,0.0,1.0,66.04426508428887,0.0,33.38586376693183,5.48694694497035,0.0,0.0
2.379999999999849,13.134646777604518,5.728308111561892,COMENDO,0.47584447918947265,0.9851300000000677,0.9845382243057645,0.9847425120773313,0.0,0.0,0.0,0.0,1.0,64.77697889553224,0.0,26.000936845201736,4.2732385774141575,0.0,0.0
2.389999999999848,13.133804884045608,5.728283583590417,COMENDO,0.4768044791894725,0.9850300000000681,0.9844360847607365,0.9846410470639372,0.0,0.0,0.0,0.0,1.0,67.66128373089524,0.0,31.144013055402063,3.3280015503410803,0.0,0.0
2.3999999999998467,13.135028189058385,5.728175624276895,COMENDO,0.47776447918947235,0.9849300000000686,0.9843372935545501,0.9845434129635804,0.0,0.0,0.0,0.0,1.0,66.26470786969392,0.0,36.60002574136686,2.5918502134684815,0.0,0.0
2.4099999999998456,13.134868605682081,5.727978776861916,COMENDO,0.4787244791894722,0.984830000000069,0.9842368081812485,0.98444285514965,0.0,0.0,0.0,0.0,1.0,64.9797960489895,0.0,53.194216679477464,14.058778739662396,0.0,0.0
2.4199999999998445,13.134895710489724,5.728058247041129,COMENDO,0.47968447918947205,0.9847300000000695,0.9841370315670581,0.9843430653456459,0.0,0.0,0.0,0.0,1.0,71.82872313715363,0.0,53.1706666909276,10.948987891476685,0.0,0.0
2.4299999999998434,13.134416868640168,5.727762364982005,COMENDO,0.4806444791894719,0.98463000000007,0.9840356684677721,0.9842420978971227,0.0,0.0,0.0,0.0,1.0,70.03260284590517,0.0,64.64886392092556,8.52708034372137,0.0,0.0
2.4399999999998423,13.134875128352215,5.728690327331293,COMENDO,0.48160447918947175,0.9845300000000704,0.9839391497549506,0.9841433308943695,0.0,0.0,0.0,0.0,1.0,76.37648934083234,0.0,60.97406367421873,6.640896849002983,0.0,0.0
2.449999999999841,13.134677856262586,5.728424848772106,COMENDO,0.4825644791894716,0.9844300000000709,0.983838668075205,0.984042875803499,0.0,0.0,0.0,0.0,1.0,82.4502191396853,0.0,58.38111161629606,5.1719356662999445,0.0,0.0
2.45999999999984,13.134805028245625,5.72843443911014,COMENDO,0.48352447918947145,0.9843300000000713,0.9837390425876704,0.9839432072046171,0.0,0.0,0.0,0.0,1.0,83.95420459860414,0.0,45.46725544335044,4.027907546909323,0.0,0.0
2.469999999999839,13.134562400694097,5.7280244714531054,COMENDO,0.4844844791894713,0.9842300000000718,0.9836388764391762,0.9838426943683332,0.0,0.0,0.0,0.0,1.0,89.24992202960664,0.0,47.15290322946948,3.136937551672201,0.0,0.0
2.479999999999838,13.135341070230387,5.727911974154588,COMENDO,0.48544447918947115,0.9841300000000722,0.9835379875171816,0.9837439661010722,0.0,0.0,0.0,0.0,1.0,82.11389226944219,0.0,48.76296172301034,2.443049421688403,0.0,0.0
2.489999999999837,13.134933540876197,5.728118172785461,COMENDO,0.486404479189471,0.9840300000000727,0.9834375277477394,0.9836434281316153,0.0,0.0,0.0,0.0,1.0,75.54842794597425,0.0,49.71960186084195,1.9026488026930704,0.0,0.0
2.4999999999998357,13.135035520715194,5.728196781457921,COMENDO,0.48736447918947085,0.9839300000000731,0.9833378034874998,0.9835437163708879,0.0,0.0,0.0,0.0,1.0,69.5079091657195,0.0,38.72166486322216,1.481784377447233,0.0,0.0
2.5099999999998346,13.134790104733305,5.728178610475709,COMENDO,0.4883244791894707,0.9838300000000736,0.9832376431585396,0.9834435745756377,0.0,0.0,0.0,0.0,1.0,68.09971728104458,0.0,40.263730076608326,1.1540148334988787,0.0,0.0
2.5199999999998335,13.13473390863712,5.728925292357728,COMENDO,0.48928447918947054,0.983730000000074,0.9831393906002682,0.9833433534381788,0.0,0.0,0.0,0.0,1.0,70.64976783984069,0.0,51.84062018494958,0.8987476560049432,0.0,0.0
2.5299999999998324,13.134886034612663,5.728448277785088,COMENDO,0.4902444791894704,0.9836300000000745,0.9830396464334052,0.9832437166244893,0.0,0.0,0.0,0.0,1.0,77.04284732235605,0.0,40.373515594945985,0.6999453782802391,0.0,0.0
2.5399999999998313,13.134934856959552,5.728551563409817,COMENDO,0.49120447918947024,0.983530000000075,0.9829397740300739,0.983143797446236,0.0,0.0,0.0,0.0,1.0,70.88284136607341,0.0,43.48316932449885,0.5451180087118607,0.0,0.0
2.54999999999983,13.134878917781732,5.72853879585942,COMENDO,0.4921644791894701,0.9834300000000754,0.9828397235785422,0.9830437344325769,0.0,0.0,0.0,0.0,1.0,69.19537859612427,0.0,33.86472632034618,0.4245383320511218,0.0,0.0
2.559999999999829,13.135032458738928,5.728061464925371,COMENDO,0.49312447918946994,0.9833300000000759,0.9827372805150623,0.982943251538282,0.0,0.0,0.0,0.0,1.0,63.66282159552556,0.0,26.373875376784405,0.33063078544524166,0.0,0.0
2.569999999999828,13.135085782883644,5.728405451238581,COMENDO,0.4940844791894698,0.9832300000000763,0.9826385011723477,0.9828443119393686,0.0,0.0,0.0,0.0,1.0,58.57262342850635,0.0,31.165472623992574,0.25749551461226783,0.0,0.0
2.579999999999827,13.135154169822213,5.728273849763685,COMENDO,0.49504447918946964,0.9831300000000768,0.98253847462613,0.9827442602579456,0.0,0.0,0.0,0.0,1.0,62.05209040257977,0.0,35.44195221003794,0.2005377084174085,0.0,0.0
2.5899999999998258,13.135122114954202,5.728256589069323,COMENDO,0.4960044791894695,0.9830300000000772,0.9824385095267891,0.9826442650556867,0.0,0.0,0.0,0.0,1.0,69.10010521230555,0.0,50.798223367134106,0.15617892435082273,0.0,0.0
2.5999999999998247,13.134753592541168,5.728031704828522,COMENDO,0.49696447918946934,0.9829300000000777,0.9823389925668286,0.9825430085738862,0.0,0.0,0.0,0.0,1.0,67.72451953144234,0.0,39.56169613696015,0.1216322685836704,0.0,0.0
2.6099999999998236,13.135178027681594,5.728577121048248,COMENDO,0.4979244791894692,0.9828300000000781,0.9822407873962253,0.9824446638623074,0.0,0.0,0.0,0.0,1.0,70.23987267461526,0.0,42.5536490171781,0.09472730601971391,0.0,0.0
2.6199999999998225,13.134984115152008,5.728673092562588,COMENDO,0.49888447918946904,0.9827300000000786,0.9821403379761894,0.9823442316310464,0.0,0.0,0.0,0.0,1.0,72.48556819429909,0.0,45.18105894093336,0.07377370010639775,0.0,0.0
2.6299999999998214,13.135002475122436,5.728648240536208,COMENDO,0.4998444791894689,0.982630000000079,0.9820404900319128,0.9822443683752512,0.0,0.0,0.0,0.0,1.0,66.68994215839781,0.0,45.29431124249661,0.05745501541293752,0.0,0.0
2.6399999999998203,13.134156116718433,5.728625240037362,COMENDO,0.5008044791894688,0.9825300000000795,0.981938348656012,0.9821429048327269,0.0,0.0,0.0,0.0,1.0,65.37103048122043,0.0,47.01821415041687,0.044746010994975355,0.0,0.0
2.649999999999819,13.135387484462946,5.728506215501179,COMENDO,0.5017644791894686,0.98243000000008,0.9818395541051501,0.9820452702945606,0.0,0.0,0.0,0.0,1.0,64.12426777702218,0.0,46.980955844576414,0.03484822840220849,0.0,0.0
2.659999999999818,13.135225134187397,5.728306922613095,COMENDO,0.5027244791894685,0.9823300000000804,0.9817390615336898,0.9819447045919297,0.0,0.0,0.0,0.0,1.0,62.846710260059176,0.0,36.58880520119918,0.027139827568291128,0.0,0.0
2.669999999999817,13.135252296019349,5.728387355890606,COMENDO,0.5036844791894683,0.9822300000000809,0.9816392855557976,0.9818449156384451,0.0,0.0,0.0,0.0,1.0,57.82176475259484,0.0,28.49539014234099,0.021136518962608018,0.0,0.0
2.679999999999816,13.134773676219037,5.728089268649289,COMENDO,0.5046444791894682,0.9821300000000813,0.9815379271927224,0.9817439516928719,0.0,0.0,0.0,0.0,1.0,57.24549747779892,0.0,22.19223215678034,0.016461137519482714,0.0,0.0
2.6899999999998148,13.135222168169925,5.729014695611989,COMENDO,0.505604479189468,0.9820300000000818,0.981441394464842,0.9816451548614032,0.0,0.0,0.0,0.0,1.0,56.51793606674072,0.0,39.991505613249394,0.012819946790419213,0.0,0.0
2.6999999999998137,13.13502266313263,5.728748539738205,COMENDO,0.5065644791894679,0.9819300000000822,0.9813409135947374,0.9815447008521273,0.0,0.0,0.0,0.0,1.0,59.794993177051595,0.0,42.03987896757192,0.009984184599312221,0.0,0.0
2.7099999999998126,13.135151126273579,5.72875778298591,COMENDO,0.5075244791894677,0.9818300000000827,0.9812412888793955,0.9814450329950684,0.0,0.0,0.0,0.0,1.0,55.01404949534482,0.0,32.74069066017207,0.007775690784273814,0.0,0.0
2.7199999999998115,13.134908098255725,5.728347884385477,COMENDO,0.5084844791894676,0.9817300000000831,0.9811411229810936,0.9813445214686103,0.0,0.0,0.0,0.0,1.0,54.628690650767,0.0,47.28740168397826,0.00605571407171355,0.0,0.0
2.7299999999998104,13.13569270932612,5.7282223603302365,COMENDO,0.5094444791894674,0.9816300000000836,0.9810402259907105,0.9812457890925345,0.0,0.0,0.0,0.0,1.0,54.17505413268851,0.0,36.82746546089431,0.004716194861107036,0.0,0.0
2.7399999999998093,13.13527927661907,5.728431358926552,COMENDO,0.5104044791894673,0.9815300000000841,0.9809397610760644,0.9811452468306923,0.0,0.0,0.0,0.0,1.0,53.7576883879585,0.0,28.68125893947959,0.0036729762509474947,0.0,0.0
2.749999999999808,13.13538270898252,5.728510769200936,COMENDO,0.5113644791894671,0.9814300000000845,0.9808400394250846,0.9810455379360018,0.0,0.0,0.0,0.0,1.0,49.45946094472486,0.0,32.194704765526524,0.00286051678044058,0.0,0.0
2.759999999999807,13.135137025312158,5.728492066938314,COMENDO,0.512324479189467,0.981330000000085,0.9807398787734892,0.9809453955543229,0.0,0.0,0.0,0.0,1.0,45.50490079277126,0.0,36.816230368225305,0.0022277727085960168,0.0,0.0
2.769999999999806,13.135062664448546,5.729237136023011,COMENDO,0.5132844791894668,0.9812300000000854,0.9806415993204174,0.9808451348394807,0.0,0.0,0.0,0.0,1.0,41.86652981265066,0.0,51.64303085427003,0.0017349911299596817,0.0,0.0
2.779999999999805,13.135222700882807,5.728756406131705,COMENDO,0.5142444791894667,0.9811300000000859,0.9805418752588061,0.9807455153884993,0.0,0.0,0.0,0.0,1.0,50.49575197841501,0.0,40.219632869486205,0.0013512124506345408,0.0,0.0
2.7899999999998037,13.13527113502251,5.7288597170522975,COMENDO,0.5152044791894665,0.9810300000000863,0.9804420002390286,0.9806455936283557,0.0,0.0,0.0,0.0,1.0,58.5016628780322,0.0,31.323081573600252,0.0010523253146500118,0.0,0.0
2.7999999999998026,13.135214981967623,5.7288472065288625,COMENDO,0.5161644791894664,0.9809300000000868,0.9803419503818753,0.9805455311746459,0.0,0.0,0.0,0.0,1.0,53.82412817746115,0.0,34.50170761703179,0.0008195517790952911,0.0,0.0
2.8099999999998015,13.135365587224612,5.728356799769953,COMENDO,0.5171244791894662,0.9808300000000872,0.9802394867445982,0.980445033751599,0.0,0.0,0.0,0.0,1.0,49.52058850196591,0.0,26.869956909445,10.363772113180096,0.0,0.0
2.8199999999998004,13.1354220459296,5.7287061090631095,COMENDO,0.5180844791894661,0.9807300000000877,0.9801407177084066,0.9803461046746549,0.0,0.0,0.0,0.0,1.0,45.56114086039082,0.0,43.294790396176495,8.071313837318243,0.0,0.0
2.8299999999997993,13.135492041312332,5.728573124162731,COMENDO,0.519044479189466,0.9806300000000882,0.9800406922830134,0.9802460536795188,0.0,0.0,0.0,0.0,1.0,50.04764315751652,0.0,33.71801666345457,6.285945536918509,0.0,0.0
2.8399999999997982,13.135459511433236,5.728555747689191,COMENDO,0.5200044791894658,0.9805300000000886,0.9799407265829904,0.9801460578196718,0.0,0.0,0.0,0.0,1.0,54.04105787001414,0.0,37.42987550679519,16.348533452793014,0.0,0.0
2.849999999999797,13.13507528111311,5.728323803964599,COMENDO,0.5209644791894656,0.9804300000000891,0.9798412071537573,0.9800447838827677,0.0,0.0,0.0,0.0,1.0,53.63440587490374,0.0,29.150416354957272,12.732250655104254,0.0,0.0
2.859999999999796,13.13550594328445,5.72887089648347,COMENDO,0.5219244791894655,0.9803300000000895,0.9797429960034477,0.9799464344481411,0.0,0.0,0.0,0.0,1.0,49.346035557167355,0.0,34.15540123039487,9.915886780456594,0.0,0.0
2.869999999999795,13.135308926831081,5.7289679349422284,COMENDO,0.5228844791894653,0.98023000000009,0.9796425412361089,0.9798459972570074,0.0,0.0,0.0,0.0,1.0,45.40054439847182,0.0,26.600253224349537,19.762744153276333,0.0,0.0
2.879999999999794,13.135327987123912,5.728943238317124,COMENDO,0.5238444791894652,0.9801300000000904,0.9795426948657276,0.9797461355235011,0.0,0.0,0.0,0.0,1.0,49.865453007785916,0.0,33.06134202685476,15.391240622211425,0.0,0.0
2.8899999999997927,13.134477776546117,5.728921292013472,COMENDO,0.524804479189465,0.9800300000000909,0.9794405529456367,0.9796446739311148,0.0,0.0,0.0,0.0,1.0,49.858447826986506,0.0,25.748199059906018,11.98671024901867,0.0,0.0
2.8999999999997916,13.135716454915507,5.728794228840435,COMENDO,0.5257644791894649,0.9799300000000913,0.9793417548334946,0.979547039628513,0.0,0.0,0.0,0.0,1.0,45.87198644530646,0.0,41.84845314414055,9.335259328385765,0.0,0.0
2.9099999999997905,13.135551680030085,5.728592636068718,COMENDO,0.5267244791894647,0.9798300000000918,0.9792412561276608,0.9794464670840352,0.0,0.0,0.0,0.0,1.0,46.28503581359865,0.0,32.59160807898364,7.270307275121465,0.0,0.0
2.9199999999997894,13.135578908307268,5.7286739435565694,COMENDO,0.5276844791894646,0.9797300000000922,0.9791414807151168,0.9793466788817582,0.0,0.0,0.0,0.0,1.0,50.58095744138128,0.0,47.834681038604884,5.662120999034325,0.0,0.0
2.9299999999997883,13.13510047475833,5.728373867121553,COMENDO,0.5286444791894644,0.9796300000000927,0.9790401269678537,0.9792457183401722,0.0,0.0,0.0,0.0,1.0,50.48371469415728,0.0,47.61682089644911,4.409664267892976,0.0,0.0
2.9399999999997872,13.135538028163625,5.729298008848971,COMENDO,0.5296044791894643,0.9795300000000932,0.978943574985565,0.9791468908703638,0.0,0.0,0.0,0.0,1.0,46.44725973409968,0.0,47.709495229450624,3.4342499849170407,0.0,0.0
2.949999999999786,13.135336574865182,5.729031105281772,COMENDO,0.5305644791894641,0.9794300000000936,0.9788430952009183,0.9790464380978224,0.0,0.0,0.0,0.0,1.0,46.74686357962974,0.0,58.75687917470426,2.67459657751635,0.0,0.0
2.959999999999785,13.135466165990502,5.729040012219901,COMENDO,0.531524479189464,0.9793300000000941,0.9787434710267047,0.978946770747926,0.0,0.0,0.0,0.0,1.0,46.92342315881448,0.0,57.80014727590092,2.0829779089698315,0.0,0.0
2.969999999999784,13.135222785379034,5.728630194488756,COMENDO,0.5324844791894638,0.9792300000000945,0.9786433054309247,0.9788462605609797,0.0,0.0,0.0,0.0,1.0,51.20078522212192,0.0,67.16231088322591,1.6222248266261412,0.0,0.0
2.979999999999783,13.136013128577853,5.728496095193731,COMENDO,0.5334444791894637,0.979130000000095,0.9785424020895418,0.9787475272579055,0.0,0.0,0.0,0.0,1.0,55.00206750621514,0.0,52.30606030874145,1.263389965294312,0.0,0.0
2.9899999999997817,13.135594454588862,5.7287072515954645,COMENDO,0.5344044791894635,0.9790300000000954,0.9784419323441067,0.9786469808677138,0.0,0.0,0.0,0.0,1.0,58.56880026040228,0.0,52.7762444916373,0.9839290942957647,0.0,0.0
2.9999999999997806,13.135699171454883,5.728787419317739,COMENDO,0.5353644791894634,0.9789300000000959,0.9783422129133312,0.9785472743930693,0.0,0.0,0.0,0.0,1.0,53.88589755112358,0.0,41.10218053765502,0.7662847491242792,0.0,0.0
3.0099999999997795,13.135453234311464,5.7287682339638195,COMENDO,0.5363244791894632,0.9788300000000963,0.9782420520157706,0.9784471315215367,0.0,0.0,0.0,0.0,1.0,65.63432910901894,0.0,32.010410388667964,0.5967831626736635,0.0,0.0
3.0199999999997784,13.135360316425412,5.729512754759614,COMENDO,0.5372844791894631,0.9787300000000968,0.9781437423273033,0.9783468318378317,0.0,0.0,0.0,0.0,1.0,72.39454187195965,0.0,35.2928665227444,0.46477519441407844,0.0,0.0
3.0299999999997773,13.13552766281874,5.7290287087154255,COMENDO,0.5382444791894629,0.9786300000000973,0.9780440364384704,0.978247228143264,0.0,0.0,0.0,0.0,1.0,70.58621020315724,0.0,27.486112084747887,0.3619672853618485,0.0,0.0
3.039999999999776,13.13557571602255,5.7291321060845215,COMENDO,0.5392044791894628,0.9785300000000977,0.9779441590975015,0.978147304106644,0.0,0.0,0.0,0.0,1.0,72.77200060109307,0.0,32.30066869495886,0.28190040528603816,0.0,0.0
3.049999999999775,13.135519395582577,5.729119829770409,COMENDO,0.5401644791894626,0.9784300000000982,0.9778441098278287,0.9780472422139344,0.0,0.0,0.0,0.0,1.0,79.12974845237493,0.0,46.46653806364674,0.2195442563849128,0.0,0.0
3.059999999999774,13.135668477361627,5.728620223165609,COMENDO,0.5411244791894625,0.9783300000000986,0.9777416302614137,0.9779467351392469,0.0,0.0,0.0,0.0,1.0,80.6993247174091,0.0,36.1881762305853,0.17098123879139926,0.0,0.0
3.069999999999773,13.135727113615538,5.728974715024551,COMENDO,0.5420844791894623,0.9782300000000991,0.9776428685004439,0.9778478146217621,0.0,0.0,0.0,0.0,1.0,74.24696297061034,0.0,40.22362375011517,0.13316032266126057,0.0,0.0
3.079999999999772,13.135798474995669,5.7288405415665595,COMENDO,0.5430444791894622,0.9781300000000995,0.9775428439565269,0.9777477641924639,0.0,0.0,0.0,0.0,1.0,72.45985726486224,0.0,42.77922382085591,0.10370536356263059,0.0,0.0
3.0899999999997707,13.135765538242426,5.728823047398389,COMENDO,0.544004479189462,0.9780300000001,0.9774428777705586,0.9776477678099805,0.0,0.0,0.0,0.0,1.0,66.66628696137451,0.0,33.31649301086947,0.08076581835128138,0.0,0.0
3.0999999999997696,13.135371049659915,5.728584069277983,COMENDO,0.5449644791894619,0.9779300000001004,0.9773433609229006,0.9775464820577292,0.0,0.0,0.0,0.0,1.0,61.33594496288831,0.0,36.05417800536055,0.06290048257738076,0.0,0.0
3.1099999999997685,13.13580678878453,5.729132684852056,COMENDO,0.5459244791894617,0.9778300000001009,0.9772451467166273,0.9774481299993523,0.0,0.0,0.0,0.0,1.0,64.49258077997146,0.0,52.769110035237986,0.04898694508683338,0.0,0.0
3.1199999999997674,13.135607189314188,5.729230488121569,COMENDO,0.5468844791894616,0.9777300000001014,0.9771446881067072,0.977347689218872,0.0,0.0,0.0,0.0,1.0,71.21140934668097,0.0,41.09662421742445,0.03815107119390172,0.0,0.0
3.1299999999997663,13.135626905821484,5.729205979471356,COMENDO,0.5478444791894614,0.9776300000001018,0.9770448431259897,0.977247828812324,0.0,0.0,0.0,0.0,1.0,73.68033479429207,0.0,41.8638009661075,0.029712084120823566,0.0,0.0
3.139999999999765,13.134773414193408,5.729184969763736,COMENDO,0.5488044791894613,0.9775300000001023,0.9769427016813182,0.9771463695074889,0.0,0.0,0.0,0.0,1.0,71.93853417606904,0.0,55.311738806196395,0.023139794379980837,0.0,0.0
3.149999999999764,13.136019519514122,5.729051831882225,COMENDO,0.5497644791894611,0.9774300000001027,0.9768439020392362,0.9770487373484913,0.0,0.0,0.0,0.0,1.0,78.3629223232505,0.0,43.076825495306736,0.01802128998324036,0.0,0.0
3.159999999999763,13.135852579280106,5.728848466659246,COMENDO,0.550724479189461,0.9773300000001032,0.9767433979342917,0.9769481590560729,0.0,0.0,0.0,0.0,1.0,72.09736899753814,0.0,43.405983271961226,0.01403499475090445,0.0,0.0
3.169999999999762,13.13587986093014,5.728930516638034,COMENDO,0.5516844791894608,0.9772300000001036,0.9766436229239889,0.976848371437444,0.0,0.0,0.0,0.0,1.0,66.3327816556543,0.0,33.80461376218768,0.010930464902407438,0.0,0.0
3.179999999999761,13.135401599482178,5.7286286286923795,COMENDO,0.5526444791894607,0.9771300000001041,0.9765422737297703,0.97674741425386,0.0,0.0,0.0,0.0,1.0,65.10987616575359,0.0,26.327059669418144,0.008512654625329413,0.0,0.0
3.1899999999997597,13.135832460642758,5.729550365920441,COMENDO,0.5536044791894605,0.9770300000001045,0.9764457114275629,0.9766485644862495,0.0,0.0,0.0,0.0,1.0,59.9039779035085,0.0,40.21897037448266,0.006629662088222961,0.0,0.0
3.1999999999997586,13.135629733803274,5.729283068335601,COMENDO,0.5545644791894604,0.976930000000105,0.9763452338271609,0.9765481137685016,0.0,0.0,0.0,0.0,1.0,63.04462703045862,0.0,31.32256562197271,0.0051631860258068455,0.0,0.0
3.2099999999997575,13.135760232268815,5.729291691460759,COMENDO,0.5555244791894602,0.9768300000001054,0.9762456097028388,0.9764484464663935,0.0,0.0,0.0,0.0,1.0,66.03077904913778,0.0,56.06792447009336,0.004021093320041704,0.0,0.0
3.2199999999997564,13.135516544860705,5.7288819424198465,COMENDO,0.5564844791894601,0.9767300000001059,0.9761454444978543,0.9763479376921752,0.0,0.0,0.0,0.0,1.0,68.71376970595695,0.0,54.56020656226588,0.003131630626451672,0.0,0.0
3.2299999999997553,13.136313254633773,5.728739475289612,COMENDO,0.5574444791894599,0.9766300000001064,0.9760445387097006,0.9762492052226835,0.0,0.0,0.0,0.0,1.0,71.14837515078707,0.0,53.661789320912355,0.002438916384170955,0.0,0.0
3.239999999999754,13.13588961375772,5.728952591881427,COMENDO,0.5584044791894598,0.9765300000001068,0.9759440645025856,0.9761486547598662,0.0,0.0,0.0,0.0,1.0,65.45966516743339,0.0,41.79184354413927,0.0018994299898380188,0.0,0.0
3.249999999999753,13.135995549159071,5.729033370417656,COMENDO,0.5593644791894596,0.9764300000001073,0.9758443471468214,0.9760489505216317,0.0,0.0,0.0,0.0,1.0,64.30657021744516,0.0,44.89256446400697,0.0014792775634751587,0.0,0.0
3.259999999999752,13.135749389346602,5.7290137683350055,COMENDO,0.5603244791894595,0.9763300000001077,0.9757441860944586,0.9759488072596405,0.0,0.0,0.0,0.0,1.0,66.92839945559365,0.0,34.96236435865213,0.0011520625248144123,0.0,0.0
3.269999999999751,13.13564379980661,5.729756171895601,COMENDO,0.5612844791894593,0.9762300000001082,0.9756458596592446,0.9758484799286111,0.0,0.0,0.0,0.0,1.0,69.47217113716545,0.0,48.21732841408404,0.0008972271964726837,0.0,0.0
3.27999999999975,13.135817133199774,5.729269569940635,COMENDO,0.5622444791894592,0.9761300000001086,0.9755461679485488,0.9757488887633193,0.0,0.0,0.0,0.0,1.0,67.86447034053248,0.0,37.55169312649973,0.0006987612432058869,0.0,0.0
3.2899999999997487,13.135864710410875,5.7293728655175915,COMENDO,0.563204479189459,0.9760300000001091,0.9754462880773569,0.9756489623050543,0.0,0.0,0.0,0.0,1.0,74.38086344097118,0.0,29.245288012575063,0.0005441958033886926,0.0,0.0
3.2999999999997476,13.13580829102814,5.729360822164583,COMENDO,0.5641644791894589,0.9759300000001095,0.9753462395227878,0.9755489010901,0.0,0.0,0.0,0.0,1.0,76.2296797366416,0.0,22.776253205342222,0.0004238201178232859,0.0,0.0
3.3099999999997465,13.135956328234077,5.728852912672515,COMENDO,0.5651244791894587,0.97583000000011,0.9752437468679417,0.975448385956109,0.0,0.0,0.0,0.0,1.0,74.0489234916164,0.0,42.12345158139615,0.00033007143964219,0.0,0.0
3.3199999999997454,13.136017450412528,5.729210546522214,COMENDO,0.5660844791894586,0.9757300000001105,0.9751449933832738,0.975349473215302,0.0,0.0,0.0,0.0,1.0,72.20906936441816,0.0,43.70024015703052,0.00025705989566284334,0.0,0.0
3.3299999999997443,13.136090193457058,5.729075317151246,COMENDO,0.5670444791894584,0.9756300000001109,0.9750449700492531,0.9752494235858562,0.0,0.0,0.0,0.0,1.0,78.51355975957212,0.0,34.033781254703804,0.00020019844803847593,0.0,0.0
3.339999999999743,13.136056833105966,5.729057732713928,COMENDO,0.5680044791894583,0.9755300000001114,0.9749450033056207,0.9751494266102303,0.0,0.0,0.0,0.0,1.0,88.36200087439566,0.0,48.065836797643314,0.00015591470810204493,0.0,0.0
3.349999999999742,13.13564868560703,5.728812982685937,COMENDO,0.5689644791894581,0.9754300000001118,0.9748454826523023,0.9750481260473816,0.0,0.0,0.0,0.0,1.0,81.29696536995912,0.0,37.433711336986924,0.00012142649676222204,0.0,0.0
3.359999999999741,13.136089277003881,5.7293633041687935,COMENDO,0.569924479189458,0.9753300000001123,0.9747472614817061,0.9749497687418851,0.0,0.0,0.0,0.0,1.0,74.79681891494441,0.0,29.153403702514325,9.456705076403588e-05,0.0,0.0
3.36999999999974,13.135887166562759,5.729461983932463,COMENDO,0.5708844791894578,0.9752300000001127,0.9746467989739848,0.9748493243868379,0.0,0.0,0.0,0.0,1.0,68.81639547473554,0.0,33.33017146064018,7.36488931877844e-05,0.0,0.0
3.3799999999997388,13.135907477596074,5.729437608567542,COMENDO,0.5718444791894577,0.9751300000001132,0.9745469552052386,0.974749465148252,0.0,0.0,0.0,0.0,1.0,63.314140291453064,0.0,37.9978073972601,5.735781568698871e-05,0.0,0.0
3.3899999999997377,13.135051107567532,5.729417236321228,COMENDO,0.5728044791894575,0.9750300000001136,0.9744448150767776,0.9746480084623412,0.0,0.0,0.0,0.0,1.0,70.26294047851529,0.0,41.33569124206315,4.467031177229208e-05,0.0,0.0
3.3999999999997366,13.13630391980534,5.729279584106096,COMENDO,0.5737644791894574,0.9749300000001141,0.974346013272395,0.9745503781849095,0.0,0.0,0.0,0.0,1.0,68.52677529422301,0.0,32.19226870811658,3.4789273788304855e-05,0.0,0.0
3.4099999999997355,13.136135012075158,5.72907442705835,COMENDO,0.5747244791894572,0.9748300000001145,0.9742455044323255,0.9744497946894988,0.0,0.0,0.0,0.0,1.0,71.10958358424872,0.0,25.071364078726262,2.7093913668817314e-05,0.0,0.0
3.4199999999997344,13.13616235386634,5.729157181334977,COMENDO,0.5756844791894571,0.974730000000115,0.9741457298039977,0.9743500076127426,0.0,0.0,0.0,0.0,1.0,69.47088097646844,0.0,29.3833158211664,2.1100761181743956e-05,0.0,0.0
3.4299999999997333,13.135684240452651,5.7288536181443215,COMENDO,0.5766444791894569,0.9746300000001155,0.9740443850804492,0.9742490537195974,0.0,0.0,0.0,0.0,1.0,67.86328333538921,0.0,22.88374937075878,1.643328933174489e-05,0.0,0.0
3.439999999999732,13.136104975246134,5.729774727498703,COMENDO,0.5776044791894568,0.9745300000001159,0.9739478023422854,0.9741501764547976,0.0,0.0,0.0,0.0,1.0,70.29845452568021,0.0,27.929149088859123,1.2798258600001874e-05,0.0,0.0
3.449999999999731,13.135900870635277,5.729506816453377,COMENDO,0.5785644791894566,0.9744300000001164,0.9738473264981726,0.9740497274314548,0.0,0.0,0.0,0.0,1.0,72.4742236066513,0.0,21.751243180921488,9.967293819631795e-06,0.0,0.0
3.45999999999973,13.136032227101474,5.729515139805478,COMENDO,0.5795244791894565,0.9743300000001168,0.9737477024549134,0.9739500601922083,0.0,0.0,0.0,0.0,1.0,66.67950463389619,0.0,27.834348301847022,7.762536231832012e-06,0.0,0.0
3.469999999999729,13.135788259351786,5.729105475141783,COMENDO,0.5804844791894563,0.9742300000001173,0.9736475376430244,0.9738495528163741,0.0,0.0,0.0,0.0,1.0,61.348105808666254,0.0,32.30289008168591,6.04546929597092e-06,0.0,0.0
3.4799999999997278,13.136590579273049,5.728956786477443,COMENDO,0.5814444791894562,0.9741300000001177,0.9735466293531323,0.9737508214107117,0.0,0.0,0.0,0.0,1.0,56.44298209735214,0.0,36.61055023738317,4.7082162217362855e-06,0.0,0.0
3.4899999999997267,13.13616239817136,5.729171501828441,COMENDO,0.582404479189456,0.9740300000001182,0.9734461508794756,0.97365026721833,0.0,0.0,0.0,0.0,1.0,51.93005042369173,0.0,28.512325193549,3.6667624803577093e-06,0.0,0.0
3.4999999999997256,13.13626945045512,5.729252928147338,COMENDO,0.5833644791894559,0.9739300000001186,0.9733464353752674,0.9735505649766397,0.0,0.0,0.0,0.0,1.0,51.85872374037911,0.0,33.65845533421918,2.855677491039429e-06,0.0,0.0
3.5099999999997245,13.136023067425148,5.729232919607793,COMENDO,0.5843244791894557,0.9738300000001191,0.9732462741859149,0.9734504213566104,0.0,0.0,0.0,0.0,1.0,47.71232912714089,0.0,47.46418702711427,2.224003866220891e-06,0.0,0.0
3.5199999999997234,13.135901220925243,5.729974943308331,COMENDO,0.5852844791894556,0.9737300000001196,0.973147919789073,0.9733500606315408,0.0,0.0,0.0,0.0,1.0,47.84444923599287,0.0,36.96514602456419,1.732055952566661e-06,0.0,0.0
3.5299999999997222,13.136080756138982,5.729485677006573,COMENDO,0.5862444791894554,0.97363000000012,0.973048243117582,0.9732504824354403,0.0,0.0,0.0,0.0,1.0,44.01901829059144,0.0,52.28176258038545,1.3489265321824033e-06,0.0,0.0
3.539999999999721,13.136127939986352,5.729588987550913,COMENDO,0.5872044791894553,0.9735300000001205,0.9729483611414682,0.9731505539366033,0.0,0.0,0.0,0.0,1.0,40.499451915724684,0.0,40.71707763795744,1.0505450395694498e-06,0.0,0.0
3.54999999999972,13.136073289803333,5.729578341663154,COMENDO,0.5881314759330123,0.9734300000001209,0.9728483206465512,0.9730505004239905,0.0,0.0,0.0,0.0,0.9315323632652834,37.26129453061134,0.0,43.16352609511709,8.18165299468467e-07,0.0,0.0
3.559999999999719,13.13621441997931,5.729059947598255,COMENDO,0.5889815316293024,0.9733300000001214,0.9727458003780858,0.9729499621923362,0.0,0.0,0.0,0.0,0.8570511478686778,34.28204591474711,0.0,43.97892176861296,6.371877759078921e-07,0.0,0.0
3.569999999999718,13.136261478775179,5.72941367655232,COMENDO,0.5898014022757806,0.9732300000001218,0.9726469875194944,0.9728509896796835,0.0,0.0,0.0,0.0,0.8896977659773115,35.58791063909246,0.0,34.25081871203181,4.96242338840593e-07,0.0,0.0
3.5799999999997167,13.136339388284243,5.729279016095925,COMENDO,0.5906524659430898,0.9731300000001223,0.9725469743438457,0.9727509497997163,0.0,0.0,0.0,0.0,0.9197341046246968,36.789364184987875,0.0,47.7025400034353,3.864739220822391e-07,0.0,0.0
3.5899999999997156,13.136332981818615,5.72927790366406,COMENDO,0.5915717890062345,0.9730300000001227,0.9724470961544815,0.9726510446188851,0.0,0.0,0.0,0.0,0.9440520364274843,37.76208145709937,0.0,37.15077550917041,3.0098619315432475e-07,0.0,0.0
3.5999999999997145,13.13590386507643,5.729023329465558,COMENDO,0.5925317890062344,0.9729300000001232,0.9723475557483011,0.9725497140337384,0.0,0.0,0.0,0.0,1.0,46.58566596964256,0.0,39.04032021755429,2.3440828292226915e-07,0.0,0.0
3.6099999999997134,13.136346856500495,5.729574520253766,COMENDO,0.5934917890062342,0.9728300000001237,0.9722493203770607,0.9724513455159441,0.0,0.0,0.0,0.0,1.0,46.742631128689396,0.0,51.66222888217124,1.825573542982865e-07,0.0,0.0
3.6199999999997123,13.136142375738359,5.729673833468063,COMENDO,0.5944517890062341,0.9727300000001241,0.9721488540841497,0.9723508977956496,0.0,0.0,0.0,0.0,1.0,46.919529115966625,0.0,40.2345843086491,1.4217581048294932e-07,0.0,0.0
3.6299999999997112,13.136163092893693,5.729649543915192,COMENDO,0.5954117890062339,0.9726300000001246,0.9720490112620258,0.972251039417756,0.0,0.0,0.0,0.0,1.0,55.24382491440501,0.0,41.96020359405361,1.1072663253793252e-07,0.0,0.0
3.63999999999971,13.135304392209395,5.729629929982444,COMENDO,0.5963717890062338,0.972530000000125,0.9719468733334165,0.9721495857035328,0.0,0.0,0.0,0.0,1.0,62.93558505066212,0.0,32.678639416884515,8.623398812740151e-08,0.0,0.0
3.649999999999709,13.13656353705731,5.729489961697318,COMENDO,0.5973317890062336,0.9724300000001255,0.9718480695639587,0.9720519584322802,0.0,0.0,0.0,0.0,1.0,57.90353350729042,0.0,36.62040769325983,12.34504405299279,0.0,0.0
3.659999999999708,13.136392896501398,5.729283241174054,COMENDO,0.5982917890062335,0.9723300000001259,0.9717475567701767,0.9719513706045824,0.0,0.0,0.0,0.0,1.0,53.27382259068442,0.0,28.520002187904847,9.614329975521768,0.0,0.0
3.669999999999707,13.136420307635886,5.729366616720392,COMENDO,0.5992517890062333,0.9722300000001264,0.9716477824529894,0.97185158398207,0.0,0.0,0.0,0.0,1.0,49.01428292051267,0.0,33.10586311690728,7.487647713643231,0.0,0.0
3.6799999999997057,13.135942316562783,5.729061530796023,COMENDO,0.6002117890062332,0.9721300000001268,0.9715464421049121,0.9717506332965481,0.0,0.0,0.0,0.0,1.0,45.09531723807913,0.0,25.782872119702112,5.831385902748158,0.0,0.0
3.6899999999997046,13.136354550159803,5.72998173994334,COMENDO,0.601171789006233,0.9720300000001273,0.9714498414890794,0.9716517320860045,0.0,0.0,0.0,0.0,1.0,45.37144410236456,0.0,20.079720996653887,4.541487907451813,0.0,0.0
3.6999999999997035,13.136149417729028,5.729713381457816,COMENDO,0.6021317890062329,0.9719300000001277,0.9713493679297999,0.9715512851564124,0.0,0.0,0.0,0.0,1.0,41.74374373004707,0.0,26.80836016173147,3.536914338632786,0.0,0.0
3.7099999999997024,13.136287934732703,5.7297249263443915,COMENDO,0.6030799674538371,0.9718300000001282,0.9712497590686623,0.9714516327059207,0.0,0.0,0.0,0.0,0.9601524566136908,38.40609826454763,0.0,20.87837188681671,2.754551656583692,0.0,0.0
3.7199999999997013,13.136045699444528,5.729315803188654,COMENDO,0.6040203483265983,0.9717300000001287,0.9711495843010113,0.9713511175679919,0.0,0.0,0.0,0.0,0.9820575877403229,39.282303509612916,0.0,16.260092374708854,2.1452469871580138,0.0,0.0
3.7299999999997,13.136846163391095,5.729160605811494,COMENDO,0.6049803258260668,0.9716300000001291,0.9710486723389051,0.9712523860357154,0.0,0.0,0.0,0.0,0.9997749946852015,39.99099978740806,0.0,22.770639833539054,1.670720033480232,0.0,0.0
3.739999999999699,13.136413403254968,5.729376027866681,COMENDO,0.6058955856368035,0.9715300000001296,0.9709481899907951,0.971151828692503,0.0,0.0,0.0,0.0,0.919837399746181,36.79349598984724,0.0,38.21698780530847,1.3011580703674877,0.0,0.0
3.749999999999698,13.136514776486036,5.729454206453826,COMENDO,0.6067344670901915,0.97143000000013,0.9708484604565365,0.9710521116109339,0.0,0.0,0.0,0.0,0.846291262003634,33.85165048014536,0.0,41.50638911548513,1.013342924101877,0.0,0.0
3.759999999999697,13.136267548866712,5.7294338729634875,COMENDO,0.607634220499191,0.9713300000001305,0.9707482724551061,0.9709519399715609,0.0,0.0,0.0,0.0,0.9768419268734398,39.07367707493759,0.0,44.365452109415585,0.7891922628104084,0.0,0.0
3.769999999999696,13.136141160818948,5.730181392900243,COMENDO,0.6085906722086077,0.9712300000001309,0.9706499368009089,0.9708515968422103,0.0,0.0,0.0,0.0,0.9957816925839647,39.831267703358584,0.0,45.44631192389856,0.6146235522706397,0.0,0.0
3.7799999999996947,13.13632294194555,5.729687955727857,COMENDO,0.6095407894787318,0.9711300000001314,0.9705502591767247,0.970752015674642,0.0,0.0,0.0,0.0,1.0,40.626551682292494,0.0,35.3936233140395,0.47866930380250233,0.0,0.0
3.7899999999996936,13.136372550305975,5.729793266636198,COMENDO,0.6104705071253754,0.9710300000001318,0.9704503942629719,0.9706521032318223,0.0,0.0,0.0,0.0,0.9344557990235686,37.37823196094274,0.0,49.712092475820064,0.3727880286336328,0.0,0.0
3.7999999999996925,13.136308288229728,5.729777083038016,COMENDO,0.6113233560908552,0.9709300000001323,0.9703503263308787,0.9705520234945375,0.0,0.0,0.0,0.0,0.8597408386096157,34.38963354438463,0.0,38.715816548286746,0.2903276086195183,0.0,0.0
3.8099999999996914,13.13645177515605,5.729253060657287,COMENDO,0.6121048167946523,0.9708300000001328,0.9702478071488706,0.9704514866330544,0.0,0.0,0.0,0.0,0.7909997565915076,31.6399902636603,0.0,30.15190824505455,0.22610736894012906,0.0,0.0
3.8199999999996903,13.136508993209041,5.7296168343705105,COMENDO,0.6128205971270184,0.9707300000001332,0.970149046002364,0.9703525705036856,0.0,0.0,0.0,0.0,0.7277549080251708,29.110196321006832,0.0,34.9353638986423,0.17609259598878746,0.0,0.0
3.829999999999689,13.13659051730779,5.729484309182097,COMENDO,0.6135369118198726,0.9706300000001337,0.970049021760337,0.970252516514169,0.0,0.0,0.0,0.0,0.7690672459529372,30.76268983811749,0.0,27.207688761147093,0.13714105164914414,0.0,0.0
3.839999999999688,13.13654251451761,5.729457574835766,COMENDO,0.6143529194431282,0.9705300000001341,0.9699490294610557,0.9701524961136629,0.0,0.0,0.0,0.0,0.9066390303177266,36.265561212709066,0.0,31.296636472046828,0.10680555841558936,0.0,0.0
3.849999999999687,13.136149169512496,5.729221132814985,COMENDO,0.6152695108292467,0.9704300000001346,0.9698496036940063,0.970051270431029,0.0,0.0,0.0,0.0,0.9311919097170804,37.24767638868322,0.0,24.373844991931144,0.08318025253043963,0.0,0.0
3.859999999999686,13.13655278364529,5.729750189763236,COMENDO,0.6161399019134747,0.970330000000135,0.9697512791041142,0.9699528163096389,0.0,0.0,0.0,0.0,0.9596109006989433,38.38443602795773,0.0,31.022613329986367,0.06478084580678356,0.0,0.0
3.869999999999685,13.136377037022331,5.729867550073946,COMENDO,0.6170678676201319,0.9702300000001355,0.9696508422429216,0.9698523988199375,0.0,0.0,0.0,0.0,1.0,43.44362707128215,0.0,24.16043555431477,0.050451373442350934,0.0,0.0
3.8799999999996837,13.136403163849229,5.729845740044952,COMENDO,0.6180278676201317,0.9701300000001359,0.969551031798262,0.9697525712477889,0.0,0.0,0.0,0.0,1.0,52.044730421589115,0.0,18.81616612904654,0.03929156914393076,0.0,0.0
3.8899999999996826,13.13554265399362,5.729826491610717,COMENDO,0.6189878676201316,0.9700300000001364,0.9694488976917609,0.9696511218349274,0.0,0.0,0.0,0.0,1.0,47.88346353527189,0.0,25.01717876131585,9.888318148803501,0.0,0.0
3.8999999999996815,13.136808681315818,5.7296812160861395,COMENDO,0.6199478676201314,0.9699300000001368,0.9693500965211117,0.9695534971009568,0.0,0.0,0.0,0.0,1.0,44.05491317873377,0.0,19.483398409550098,7.701029917547347,0.0,0.0
3.9099999999996804,13.136636271418029,5.729473519582803,COMENDO,0.6209078676201313,0.9698300000001373,0.9692495795100816,0.9694529051435735,0.0,0.0,0.0,0.0,1.0,44.647396215703,0.0,25.2809530975522,5.997568130242187,0.0,0.0
3.9199999999996793,13.136663632733868,5.729557368563401,COMENDO,0.6218678676201311,0.9697300000001378,0.9691498051897729,0.9693531186906856,0.0,0.0,0.0,0.0,1.0,41.07758751599993,0.0,42.88482930154237,4.670910756356714,0.0,0.0
3.929999999999678,13.136189972101569,5.729253045339636,COMENDO,0.6228060858365738,0.9696300000001382,0.9690484810605484,0.9692521835100328,0.0,0.0,0.0,0.0,0.9448301240135738,37.79320496054295,0.0,33.398738641924695,3.6377089547072545,0.0,0.0
3.939999999999677,13.136597326916347,5.730169013610923,COMENDO,0.6237597847621045,0.9695300000001387,0.9689518700000554,0.9691532625401551,0.0,0.0,0.0,0.0,1.0,46.715083208661355,0.0,26.01096380792812,2.8330505825118695,0.0,0.0
3.949999999999676,13.136388426925159,5.729899474739533,COMENDO,0.6247197847621043,0.9694300000001391,0.96885139078139,0.9690528100309651,0.0,0.0,0.0,0.0,1.0,55.023525918397986,0.0,30.620492827669143,2.206382012141142,0.0,0.0
3.959999999999675,13.136520973660183,5.7299074284060145,COMENDO,0.6256797847621042,0.9693300000001396,0.9687517655486142,0.9689531415992241,0.0,0.0,0.0,0.0,1.0,54.637409380867716,0.0,23.84726379222105,1.7183320388101824,0.0,0.0
3.969999999999674,13.13627636965187,5.7294977791749355,COMENDO,0.626639784762104,0.96923000000014,0.9686516015017911,0.9688526369611326,0.0,0.0,0.0,0.0,1.0,50.26884333068314,0.0,30.31523680157269,1.338238337402053,0.0,0.0
3.9799999999996727,13.137091113916098,5.729338176194648,COMENDO,0.6275997847621039,0.9691300000001405,0.9685506962812248,0.968753911752675,0.0,0.0,0.0,0.0,1.0,46.24956853627153,0.0,34.50399323982869,1.042221065104893,0.0,0.0
3.9899999999996716,13.136654569259312,5.729555569151339,COMENDO,0.6285597847621037,0.969030000000141,0.9684502100589917,0.9686533503123927,0.0,0.0,0.0,0.0,1.0,42.55165721081271,0.0,26.871736954269032,0.8116825816372039,0.0,0.0
3.9999999999996705,13.13676898615186,5.729641074736842,COMENDO,0.6295158692868666,0.9689300000001414,0.9683505050448741,0.9685536588513916,0.0,0.0,0.0,0.0,0.9787353637507451,39.1494145500298,0.0,32.6706988685541,0.6321390301844736,0.0,0.0
4.009999999999674,13.136493359587258,5.729603342150134,COMENDO,0.6304386153472272,0.9688300000001419,0.9682502773007599,0.9684534469255411,0.0,0.0,0.0,0.0,1.0,40.099971089405294,0.0,25.443965862319978,0.4923103717176662,0.0,0.0
4.019999999999677,13.136373942565884,5.730356699167429,COMENDO,0.631356478141282,0.9687300000001423,0.9681519538142787,0.9683531053006736,0.0,0.0,0.0,0.0,0.9223438606901173,36.89375442760469,0.0,40.81751077708812,0.38341170300789257,0.0,0.0
4.0299999999996805,13.13656882599031,5.729866223426239,COMENDO,0.6322947003700691,0.9686300000001428,0.96805231703176,0.9682535627114861,0.0,0.0,0.0,0.0,0.9448357136359595,37.79342854543838,0.0,31.788709356221716,0.29860133454128746,0.0,0.0
4.039999999999684,13.136604964498598,5.729963541322173,COMENDO,0.6331574670823624,0.9685300000001432,0.9679524006090915,0.9681536018855394,0.0,0.0,0.0,0.0,0.8692908210730754,34.77163284292302,0.0,24.757071739454748,0.23255095316692112,0.0,0.0
4.049999999999687,13.136504922567962,5.729928958517811,COMENDO,0.6340080867302851,0.9684300000001437,0.9678522407237963,0.9680534323036379,0.0,0.0,0.0,0.0,1.0,40.15327176646547,0.0,19.280826857242296,0.18111086443039964,0.0,0.0
4.0599999999996905,13.136702455369324,5.729430958736052,COMENDO,0.6349642655603563,0.9683300000001441,0.9677498510358711,0.9679530261416369,0.0,0.0,0.0,0.0,1.0,40.88978073144078,0.0,15.015923054684466,0.1410492830411342,0.0,0.0
4.069999999999694,13.136769471513492,5.729799562019421,COMENDO,0.635899083483335,0.9682300000001446,0.9676511167641914,0.9678541370570395,0.0,0.0,0.0,0.0,0.9405103594344956,37.620414377379824,0.0,35.492490765658594,0.10984929208409548,0.0,0.0
4.079999999999697,13.136850797561856,5.729665673453408,COMENDO,0.6368180945017636,0.968130000000145,0.9675510880954339,0.9677540791895484,0.0,0.0,0.0,0.0,0.9648117107040269,38.59246842816108,0.0,27.6415796014495,0.08555071469493299,0.0,0.0
4.0899999999997005,13.136803181381811,5.729639552737901,COMENDO,0.6377486223880304,0.9680300000001455,0.9674510885778154,0.9676540489472965,0.0,0.0,0.0,0.0,1.0,43.56701248368533,0.0,32.15276166686468,0.0666269635967321,0.0,0.0
4.099999999999704,13.136370146153407,5.72938241824411,COMENDO,0.6387086223880303,0.967930000000146,0.9673515934936221,0.967552749510665,0.0,0.0,0.0,0.0,1.0,48.178522210542006,0.0,36.210853689744546,0.051889131422804914,0.0,0.0
4.109999999999707,13.136821335374774,5.729936930698076,COMENDO,0.6396686223880301,0.9678300000001464,0.967253353102675,0.9674543776749577,0.0,0.0,0.0,0.0,1.0,44.326380264903975,0.0,28.201041209257113,0.040411296184975486,0.0,0.0
4.119999999999711,13.136613508673408,5.730037725129165,COMENDO,0.64062862238803,0.9677300000001469,0.9671528836548426,0.9673539271083813,0.0,0.0,0.0,0.0,1.0,48.64345831800849,0.0,21.962992977198383,0.03147234911378938,0.0,0.0
4.129999999999714,13.136635258114255,5.7300136916433715,COMENDO,0.6415886223880298,0.9676300000001473,0.9670530423487717,0.9672540702060518,0.0,0.0,0.0,0.0,1.0,48.66837455467521,0.0,28.847765215314435,0.02451069013491579,0.0,0.0
4.139999999999717,13.135772498386773,5.729994309315503,COMENDO,0.6425486223880297,0.9675300000001478,0.9669509104045647,0.9671526228600779,0.0,0.0,0.0,0.0,1.0,52.671314903266094,0.0,22.466662139546905,0.019088944670692966,0.0,0.0
4.149999999999721,13.137044486093924,5.729845497401991,COMENDO,0.6435086223880295,0.9674300000001482,0.9668521092217239,0.9670549995781446,0.0,0.0,0.0,0.0,1.0,56.454952405511804,0.0,29.240023153360383,0.014866485057542393,0.0,0.0
4.159999999999724,13.13687044824497,5.729636511490677,COMENDO,0.6444686223880294,0.9673300000001487,0.9667515885087214,0.9669544036963168,0.0,0.0,0.0,0.0,1.0,55.79059948847022,0.0,46.01165999446557,0.011578030204333347,0.0,0.0
4.169999999999727,13.136897880311476,5.729720930449604,COMENDO,0.6454286223880292,0.9672300000001491,0.9666518144614269,0.9668546176452828,0.0,0.0,0.0,0.0,1.0,51.329829448188605,0.0,35.833916834105004,0.009016978989559183,0.0,0.0
4.179999999999731,13.136420168220445,5.729413095696541,COMENDO,0.6463886223880291,0.9671300000001496,0.9665504828680244,0.966753673416732,0.0,0.0,0.0,0.0,1.0,59.10414099937575,0.0,40.25252647675025,0.007022430298007094,0.0,0.0
4.189999999999734,13.136816626762263,5.7303310605633575,COMENDO,0.6473486223880289,0.96703000000015,0.9664538466146209,0.9666547274680932,0.0,0.0,0.0,0.0,1.0,58.325422121550574,0.0,43.38894290450489,0.0054690742151522805,0.0,0.0
4.199999999999737,13.136609670527953,5.730062236270762,COMENDO,0.6483086223880288,0.9669300000001505,0.966353377569099,0.9665542847774881,0.0,0.0,0.0,0.0,1.0,53.66197885383019,0.0,45.83158647447822,0.004259319281436223,0.0,0.0
4.209999999999741,13.136743021557773,5.73006976267897,COMENDO,0.6492686223880286,0.966830000000151,0.9662537526934655,0.9664546167316065,0.0,0.0,0.0,0.0,1.0,49.371403922423326,0.0,35.69367543572843,0.003317161191733662,0.0,0.0
4.219999999999744,13.13649836018837,5.729660317925045,COMENDO,0.6502286223880285,0.9667300000001514,0.9661535892470495,0.9663541136632732,0.0,0.0,0.0,0.0,1.0,45.42388442123384,0.0,48.826237949710055,0.0025834077336962494,0.0,0.0
4.229999999999747,13.137318012121476,5.729496565592279,COMENDO,0.6511886223880283,0.9666300000001519,0.96605268455111,0.9662553901927171,0.0,0.0,0.0,0.0,1.0,41.79199115252413,0.0,48.38904619527768,0.002011959965995361,0.0,0.0
4.239999999999751,13.136884097838022,5.7297186408733385,COMENDO,0.6521373650723228,0.9665300000001523,0.9659522089517211,0.9661548401419802,0.0,0.0,0.0,0.0,0.9612622009029481,38.450488036117925,0.0,37.68542706896062,0.0015669159970255037,0.0,0.0
4.249999999999754,13.136984927806145,5.72979627302985,COMENDO,0.6530158268792137,0.9664300000001528,0.9658524789891266,0.9660551229792431,0.0,0.0,0.0,0.0,0.8844039189350481,35.37615675740192,0.0,49.06487579965905,0.0012203154054905726,0.0,0.0
4.259999999999757,13.136731970779227,5.729771595331687,COMENDO,0.6538208525346939,0.9663300000001532,0.9657523035754715,0.9659549637261735,0.0,0.0,0.0,0.0,0.8136908858924757,32.54763543569903,0.0,38.21176369407567,0.0009503825933901562,0.0,0.0
4.269999999999761,13.136564802059057,5.730510706065776,COMENDO,0.654558313669237,0.9662300000001537,0.9656538606592046,0.9658545099555558,0.0,0.0,0.0,0.0,0.7486317548001582,29.94527019200633,0.0,40.9296092131677,0.0007401587079496858,0.0,0.0
4.279999999999764,13.136778870617812,5.730024071452744,COMENDO,0.6553945201447522,0.9661300000001541,0.9655542501970645,0.9657549884032542,0.0,0.0,0.0,0.0,0.8845132684637071,35.38053073854829,0.0,31.876011706021572,0.0005764361813483342,0.0,0.0
4.289999999999767,13.136804630184951,5.73011657931823,COMENDO,0.6563085917738091,0.9660300000001546,0.9654543866753053,0.9656550773266322,0.0,0.0,0.0,0.0,1.0,40.550549222799276,0.0,24.825062877842857,0.0004489289494247727,0.0,0.0
4.299999999999771,13.13676451930798,5.730114927399634,COMENDO,0.6572652187845197,0.965930000000155,0.9653543267580742,0.9655550050691034,0.0,0.0,0.0,0.0,1.0,45.2683389310121,0.0,29.696912254673638,0.00034962621735543586,0.0,0.0
4.309999999999774,13.136911888469468,5.729580804064259,COMENDO,0.6582252187845196,0.9658300000001555,0.965251806722161,0.965454470235228,0.0,0.0,0.0,0.0,1.0,45.53063174455725,0.0,23.12797851874262,0.0002722891718587065,0.0,0.0
4.319999999999777,13.13697897506766,5.72995217622758,COMENDO,0.6591852187845194,0.965730000000156,0.9651530705792568,0.9653555795997749,0.0,0.0,0.0,0.0,1.0,45.83719074473539,0.0,40.118190712948724,0.0002120590202654248,0.0,0.0
4.329999999999781,13.137056009945038,5.729813600759067,COMENDO,0.6601452187845193,0.9656300000001564,0.9650530508394408,0.9652555324940343,0.0,0.0,0.0,0.0,1.0,50.20140315655913,0.0,41.35134550195484,0.00016515173104006764,0.0,0.0
4.339999999999784,13.137021291454294,5.729795638893062,COMENDO,0.6611052187845191,0.9655300000001569,0.9649530824230881,0.9651555338057912,0.0,0.0,0.0,0.0,1.0,50.26829147738951,0.0,43.098923337747436,0.00012862029745960263,0.0,0.0
4.349999999999787,13.136569010659933,5.729532473421864,COMENDO,0.662065218784519,0.9654300000001573,0.9648535448759614,0.9650541867821908,0.0,0.0,0.0,0.0,1.0,50.29596657989442,0.0,56.27365307641858,0.0001001695883804155,0.0,0.0
4.359999999999791,13.137025897417313,5.730086587349401,COMENDO,0.6630252187845188,0.9653300000001578,0.964755300276586,0.9649558109151968,0.0,0.0,0.0,0.0,1.0,46.274523130214966,0.0,43.825965082203346,7.801215387060785e-05,0.0,0.0
4.369999999999794,13.136815723026842,5.730187904990053,COMENDO,0.6639852187845187,0.9652300000001582,0.9646548272140658,0.9648553568502709,0.0,0.0,0.0,0.0,1.0,42.574616545589706,0.0,44.75717375280523,6.075592652351628e-05,0.0,0.0
4.379999999999797,13.136838641944804,5.730164419145513,COMENDO,0.6649435367203849,0.9651300000001587,0.9645549942022202,0.9647555081279758,0.0,0.0,0.0,0.0,1.0,43.319891838317005,0.0,44.71463981073372,4.731676315274319e-05,0.0,0.0
4.389999999999801,13.135973632093709,5.730143168197615,COMENDO,0.6659035367203847,0.9650300000001591,0.9644528599578092,0.9646540579819206,0.0,0.0,0.0,0.0,1.0,48.018049709982584,0.0,34.82379649935521,3.6850332195760565e-05,0.0,0.0
4.399999999999804,13.137249557759809,5.729994235186456,COMENDO,0.6668635367203846,0.9649300000001596,0.9643540540986582,0.9645564331478211,0.0,0.0,0.0,0.0,1.0,44.17873843706267,0.0,49.48924689722289,2.869906757049972e-05,0.0,0.0
4.409999999999807,13.137074217247102,5.729783369694923,COMENDO,0.6678235367203844,0.9648300000001601,0.9642535307379138,0.9644558337180836,0.0,0.0,0.0,0.0,1.0,40.646401544389306,0.0,50.28523332325184,2.235085629732433e-05,0.0,0.0
4.419999999999811,13.137104181676996,5.729869620470411,COMENDO,0.6687536793052675,0.9647300000001605,0.9641537650172386,0.9643560564337883,0.0,0.0,0.0,0.0,0.9349123678924018,37.39649471569607,0.0,39.162179089076815,1.7406864386672617e-05,0.0,0.0
4.429999999999814,13.136623446977419,5.729559037402094,COMENDO,0.6696579776894084,0.964630000000161,0.9640524010470077,0.9642550761245796,0.0,0.0,0.0,0.0,0.9604939444081257,38.41975777632503,0.0,41.95256988765229,1.3556479615158375e-05,0.0,0.0
4.439999999999817,13.136987749038964,5.730463112969344,COMENDO,0.6705663397929361,0.9645300000001614,0.9639557005199729,0.9641560686385868,0.0,0.0,0.0,0.0,0.9857163612540443,39.42865445016177,0.0,42.77996143966385,1.0557796939976873e-05,0.0,0.0
4.449999999999821,13.136806071498702,5.73020872203508,COMENDO,0.6715240934118991,0.9644300000001619,0.9638553098898681,0.9640557018429027,0.0,0.0,0.0,0.0,1.0,44.30721633531539,0.0,57.702355218617726,8.222420524362867e-06,0.0,0.0
4.459999999999824,13.136938930616921,5.730214741574265,COMENDO,0.672484093411899,0.9643300000001623,0.9637556814890071,0.9639560305825448,0.0,0.0,0.0,0.0,1.0,44.71159423069096,0.0,44.938639429323835,6.40362754311619e-06,0.0,0.0
4.4699999999998274,13.13669467862916,5.729805724667353,COMENDO,0.6734440934118988,0.9642300000001628,0.9636555198006543,0.9638555301872451,0.0,0.0,0.0,0.0,1.0,41.136652541119894,0.0,34.998247577720896,4.987150145076503e-06,0.0,0.0
4.479999999999831,13.13752414542825,5.729638182319659,COMENDO,0.6743832868310838,0.9641300000001632,0.9635546317205367,0.9637568208301118,0.0,0.0,0.0,0.0,0.946188685175113,37.84754740700452,0.0,61.13509817678449,3.883996438280249e-06,0.0,0.0
4.489999999999834,13.137083367172279,5.72985995351332,COMENDO,0.6753068871372636,0.9640300000001637,0.96345412493346,0.9636562374408395,0.0,0.0,0.0,0.0,0.970036022586128,38.80144090344512,0.0,47.612062333226945,3.0248594675792037e-06,0.0,0.0
4.4999999999998375,13.13718533083269,5.7299373943648,COMENDO,0.6761937321096517,0.9639300000001642,0.9633544149712389,0.9635565421361023,0.0,0.0,0.0,0.0,0.892476224569611,35.69904898278444,0.0,37.08031142876166,2.3557629220316358e-06,0.0,0.0
4.509999999999841,13.136931400614767,5.729912013648865,COMENDO,0.6770064706497246,0.9638300000001646,0.9632542379330544,0.963456381127756,0.0,0.0,0.0,0.0,0.8211177656047361,32.844710624189446,0.0,38.73589342123724,1.8346700084088177e-06,0.0,0.0
4.519999999999844,13.136749247632485,5.730650963611569,COMENDO,0.6777510279806579,0.9637300000001651,0.9631557645447645,0.9633558979864261,0.0,0.0,0.0,0.0,0.7554648139975474,30.218592559901897,0.0,42.20778789323938,1.4288424392264073e-06,0.0,0.0
4.5299999999998475,13.136923043252771,5.7301379136651445,COMENDO,0.678443228955141,0.9636300000001655,0.9630561270385424,0.9632563475998818,0.0,0.0,0.0,0.0,0.7987950245814746,31.95180098325898,0.0,42.72917610695268,10.107268272086035,0.0,0.0
4.539999999999851,13.136996697532508,5.730256927941979,COMENDO,0.6791664574696124,0.963530000000166,0.9629562590800391,0.9631564329829273,0.0,0.0,0.0,0.0,0.7349269007998787,29.397076031995145,0.0,44.4477735377728,7.8715484450133655,0.0,0.0
4.549999999999854,13.13694705170871,5.730248336938642,COMENDO,0.6799189822435266,0.9634300000001664,0.9628562271767107,0.9630563881758205,0.0,0.0,0.0,0.0,0.7732091240300776,30.9283649612031,0.0,45.241438664923145,6.130368092960906,0.0,0.0
4.5599999999998575,13.137086641351589,5.729699406455344,COMENDO,0.6806177640748461,0.9633300000001669,0.9627536886052556,0.9629558253199181,0.0,0.0,0.0,0.0,0.7113867359043046,28.455469436172184,0.0,45.34133501882149,4.774335471313907,0.0,0.0
4.569999999999861,13.137124907962702,5.730063303735034,COMENDO,0.6812883387823457,0.9632300000001673,0.9626548718828148,0.9628568607973464,0.0,0.0,0.0,0.0,0.7565266654262013,30.26106661704805,0.0,60.00195518982845,3.7182562037048523,0.0,0.0
4.579999999999864,13.137231070110705,5.72993949206357,COMENDO,0.6819711809449065,0.9631300000001678,0.9625549312699941,0.9627568939833016,0.0,0.0,0.0,0.0,0.6960381330435235,27.84152532174094,0.0,46.72956968765372,2.895780843105446,0.0,0.0
4.5899999999998675,13.137189275745934,5.72991832678153,COMENDO,0.6825962278392289,0.9630300000001683,0.9624549450219918,0.96265687652959,0.0,0.0,0.0,0.0,0.6403859966757156,25.615439867028623,0.0,36.39302546533448,2.255236388213693,0.0,0.0
4.599999999999871,13.136720566101317,5.729654207761609,COMENDO,0.6831681005198169,0.9629300000001687,0.9623553950535579,0.9625555118519429,0.0,0.0,0.0,0.0,0.5891835594483246,23.56734237793298,0.0,38.45018389004249,1.75637986515195,0.0,0.0
4.609999999999874,13.137175268333758,5.730206737955002,COMENDO,0.6836910505620561,0.9628300000001692,0.9622571154662332,0.9624571156484959,0.0,0.0,0.0,0.0,0.5420750430618548,21.683001722474195,0.0,29.94503332280459,1.3678700143511864,0.0,0.0
4.6199999999998775,13.13696282759618,5.730308657915075,COMENDO,0.6841191162925658,0.9627300000001696,0.9621566364772405,0.9623566579135181,0.0,0.0,0.0,0.0,0.4987331156790097,19.949324627160387,0.0,33.946693228824756,1.0652982383165972,0.0,0.0
4.629999999999881,13.13698256693172,5.730283180151257,COMENDO,0.6840791162925658,0.9627300000001696,0.9621567301814743,0.9623567560701148,0.0,0.0,0.0,0.0,0.45885661747115297,18.35426469884612,0.0,47.95765217698752,0.8296551022055538,0.0,0.0
4.639999999999884,13.136113708432347,5.730264792065443,COMENDO,0.6840391162925658,0.9627300000001696,0.962154531653318,0.9623552726064766,0.0,0.0,0.0,0.0,0.42216846802003827,16.88673872080153,0.0,37.349457069703924,0.6461360432768715,0.0,0.0
4.649999999999888,13.137392826842055,5.730112905457625,COMENDO,0.6839991162925657,0.9627300000001696,0.962155681151121,0.9623576081712325,0.0,0.0,0.0,0.0,0.38841374103445436,15.536549641378175,0.0,40.25804413885932,0.5032112564746863,0.0,0.0
4.659999999999891,13.137217152943993,5.729898737935807,COMENDO,0.6839591162925657,0.9627300000001696,0.9621550949169725,0.9623569655256611,0.0,0.0,0.0,0.0,0.35735789300403015,14.294315720161206,0.0,42.80603044656348,0.39190132059283095,0.0,0.0
4.669999999999894,13.137227316882976,5.729974226995351,COMENDO,0.6839191162925656,0.9627300000001696,0.9621552543280858,0.9623571350341957,0.0,0.0,0.0,0.0,0.4325189754961117,17.300759019844467,0.0,33.337370031962024,0.3052130553644142,0.0,0.0
4.679999999999898,13.136758127783999,5.7296648003939215,COMENDO,0.6839803660937851,0.9627100000001697,0.9621338587580419,0.9623361423583793,0.0,0.0,0.0,0.0,0.4999559400424548,19.998237601698193,0.0,25.963169886433196,0.23770016652142167,0.0,0.0
4.689999999999901,13.137134878651786,5.730599186130729,COMENDO,0.6841676610654581,0.9626800000001698,0.9621071088017887,0.9623071224276256,0.0,0.0,0.0,0.0,0.5611543145258978,22.446172581035913,0.0,31.390394764252193,10.810598903748328,0.0,0.0
4.699999999999904,13.136940817287275,5.730338393829843,COMENDO,0.684663829870577,0.9625800000001703,0.9620067029415613,0.9622067343180452,0.0,0.0,0.0,0.0,0.5162868928246989,20.651475712987953,0.0,24.446864023320117,8.419302891710064,0.0,0.0
4.709999999999908,13.137068970254056,5.7303406579508405,COMENDO,0.6847761594229854,0.9625400000001705,0.9619670244584602,0.9621670256179021,0.0,0.0,0.0,0.0,0.47500687208969217,19.000274883587686,0.0,19.03923684500185,6.556959684979137,0.0,0.0
4.719999999999911,13.136822839892288,5.7299305870741755,COMENDO,0.6847361594229854,0.9625400000001705,0.9619667984525051,0.9621664834736589,0.0,0.0,0.0,0.0,0.4370274195766667,17.48109678306667,0.0,14.82777256396938,5.106565337229381,0.0,0.0
4.729999999999914,13.13765164007093,5.729757136596685,COMENDO,0.6846961594229853,0.9625400000001705,0.9619658604247011,0.9621677241704564,0.0,0.0,0.0,0.0,0.402084636421378,16.08338545685512,0.0,33.626392858245964,3.9769970834395325,0.0,0.0
4.739999999999918,13.137181881304329,5.729963628728748,COMENDO,0.6846561594229853,0.9625400000001705,0.9619652298074214,0.9621670521478417,0.0,0.0,0.0,0.0,0.4719549963638111,18.878199854552445,0.0,26.188261089868632,3.0972884428553997,0.0,0.0
4.749999999999921,13.13731989478706,5.730062623470301,COMENDO,0.6846161594229853,0.9625400000001705,0.9619655338887937,0.962167392985148,0.0,0.0,0.0,0.0,0.43421955836092696,17.36878233443708,0.0,20.39543824406808,2.4121706646937966,0.0,0.0
4.759999999999924,13.137076771698009,5.73004555749679,COMENDO,0.6848839426313861,0.9624800000001708,0.9619053451859183,0.962107226792112,0.0,0.0,0.0,0.0,0.4981759622330556,19.927038489322225,0.0,26.24711712117746,1.8786004025653988,0.0,0.0
4.769999999999928,13.136879363834876,5.730787206991721,COMENDO,0.684843942631386,0.9624800000001708,0.9619067756422248,0.9621066895328289,0.0,0.0,0.0,0.0,0.45834401155511156,18.333760462204463,0.0,41.97466693863474,1.4630554645961877,0.0,0.0
4.779999999999931,13.137058265872678,5.730269316009096,COMENDO,0.6849092955660118,0.9624700000001708,0.9618970751600976,0.962097079448695,0.0,0.0,0.0,0.0,0.5245698330258092,20.982793321032368,0.0,43.053037326582896,1.1394287415044084,0.0,0.0
4.789999999999934,13.137114271476193,5.730379271607158,COMENDO,0.6853019882730562,0.9623900000001712,0.9618171786645925,0.9620171431540727,0.0,0.0,0.0,0.0,0.5846468173744928,23.38587269497971,0.0,57.04504089506096,0.8873879961376981,0.0,0.0
4.799999999999938,13.137080009090356,5.7303783175273315,COMENDO,0.6859930456706296,0.9622900000001716,0.9617171554265711,0.961917107568811,0.0,0.0,0.0,0.0,0.8372765294010044,33.491061176040176,0.0,54.28444036339987,0.6910984662802039,0.0,0.0
4.809999999999941,13.137248131380124,5.729840114699467,COMENDO,0.6867530422931314,0.9621900000001721,0.961614723185693,0.9618166460400149,0.0,0.0,0.0,0.0,0.7703315943756184,30.813263775024733,0.0,42.27676466360877,0.5382280267184694,0.0,0.0
4.819999999999944,13.137308180192276,5.73021453000717,COMENDO,0.6874490747173866,0.9620900000001725,0.9615159669424984,0.9617177410747021,0.0,0.0,0.0,0.0,0.7087392808177891,28.349571232711565,0.0,43.28831127135676,0.41917240867932076,0.0,0.0
4.829999999999948,13.137383616525215,5.730072577588074,COMENDO,0.6880862572383086,0.961990000000173,0.9614159445579191,0.9616176887439801,0.0,0.0,0.0,0.0,0.6520716167448104,26.082864669792414,0.0,33.71297071597135,0.32645180012138186,0.0,0.0
4.839999999999951,13.137344557431318,5.730052219585615,COMENDO,0.6886692952343675,0.9618900000001734,0.9613159650450285,0.9615176787298602,0.0,0.0,0.0,0.0,0.5999348489243754,23.997393956975017,0.0,37.15015107303064,0.2542409175696018,0.0,0.0
4.849999999999954,13.136864907241145,5.72978589092572,COMENDO,0.6892025178627432,0.9617900000001739,0.9612164053199614,0.961416300980007,0.0,0.0,0.0,0.0,0.5519667068943584,22.078668275774337,0.0,39.03983390619967,0.1980030256919983,0.0,0.0
4.859999999999958,13.13730707425621,5.730326275519976,COMENDO,0.6897002815245209,0.9616900000001743,0.9611181268752244,0.9613179056459095,0.0,0.0,0.0,0.0,0.6115677277535456,24.462709110141827,0.0,40.51152037642829,0.15420491145943568,0.0,0.0
4.869999999999961,13.137130804614953,5.730448931493696,COMENDO,0.6903055822948161,0.9615900000001748,0.9610176744342721,0.9612174738493037,0.0,0.0,0.0,0.0,0.6621698796924985,26.48679518769994,0.0,31.550403792575505,0.12009490579806512,0.0,0.0
4.879999999999964,13.137143533551777,5.73041954384713,COMENDO,0.690949282105235,0.9614900000001753,0.9609178013604863,0.9611175864675002,0.0,0.0,0.0,0.0,0.7095587415077007,28.382349660308027,0.0,35.74173690555892,0.09353000667841967,0.0,0.0
4.889999999999968,13.136247839869501,5.730380463024077,COMENDO,0.6916988979358286,0.9613900000001757,0.9608157018394986,0.9610161718895469,0.0,0.0,0.0,0.0,0.9572881947287829,38.29152778915132,0.0,27.835692690381403,0.07284124244182692,0.0,0.0
4.899999999999971,13.137593157768011,5.730237445436196,COMENDO,0.6925735626799744,0.9612900000001762,0.9607170016486514,0.9609186225380423,0.0,0.0,0.0,0.0,0.8807476567508049,35.229906270032195,0.0,21.678459264604,0.05672881665358884,0.0,0.0
4.909999999999974,13.137402494224656,5.7300207505457355,COMENDO,0.693375094869084,0.9611900000001766,0.9606164368474197,0.9608179798961254,0.0,0.0,0.0,0.0,0.8103269622914426,32.41307849165771,0.0,16.88320105105514,0.04418044683252912,0.0,0.0
4.919999999999978,13.137429660905807,5.730106318722061,COMENDO,0.6942406423758921,0.9610900000001771,0.9605166378569135,0.9607181688750185,0.0,0.0,0.0,0.0,0.9437531737971829,37.75012695188732,0.0,24.318907924995802,10.397541612202385,0.0,0.0
4.929999999999981,13.136965390549568,5.729802203286529,COMENDO,0.6951942345001306,0.9609900000001775,0.9604153708513988,0.9606172886933215,0.0,0.0,0.0,0.0,1.0,46.573851805208996,0.0,39.154118854032966,8.09761354960073,0.0,0.0
4.939999999999984,13.137337459665543,5.730709465501423,COMENDO,0.6961542345001305,0.960890000000178,0.9603186725065367,0.9605182721921348,0.0,0.0,0.0,0.0,1.0,42.85001222115636,0.0,30.493258423991726,6.3064277734386645,0.0,0.0
4.949999999999988,13.137130154012747,5.73044453312859,COMENDO,0.6971121788354757,0.9607900000001784,0.960218209706108,0.9604178370463187,0.0,0.0,0.0,0.0,0.9855978602718289,39.42391441087316,0.0,23.748173539003457,4.911450888337285,0.0,0.0
4.959999999999991,13.137260594379564,5.730448701514685,COMENDO,0.6980138927515775,0.9606900000001789,0.9601185801354806,0.9603181646013925,0.0,0.0,0.0,0.0,0.9067938064137084,36.27175225654834,0.0,29.665353874373608,3.8250417978538227,0.0,0.0
4.969999999999994,13.137008849371112,5.7300356525082545,COMENDO,0.6988403113802658,0.9605900000001794,0.9600184012267153,0.9602176491530261,0.0,0.0,0.0,0.0,0.8342905768113965,33.37162307245586,0.0,23.10340082745249,2.9789455474494098,0.0,0.0
4.979999999999998,13.137835605244739,5.729859276338832,COMENDO,0.6995974550003212,0.9604900000001798,0.9599174957502737,0.9601189186120488,0.0,0.0,0.0,0.0,0.7675843853732018,30.70337541492807,0.0,17.992946656032533,2.3200051250806744,0.0,0.0
4.990000000000001,13.13738054401327,5.730076138921228,COMENDO,0.7002908625356107,0.9603900000001803,0.95981697902196,0.9600183313281876,0.0,0.0,0.0,0.0,0.7062117265192964,28.248469060771857,0.0,37.208924177857405,1.8068218081425007,0.0,0.0
5.000000000000004,13.137466916847153,5.730145563680863,COMENDO,0.7009564926520655,0.9602900000001807,0.9597172024725575,0.9599185658258214,0.0,0.0,0.0,0.0,0.7517654269458701,30.070617077834804,0.0,39.87280236672868,1.40715423905187,0.0,0.0
5.010000000000008,13.137247197254103,5.730138765468511,COMENDO,0.7016347855712526,0.9601900000001812,0.9596171159399168,0.959818498089774,0.0,0.0,0.0,0.0,0.6916575821729763,27.666303286919053,0.0,31.052969706459635,1.0958928232758427,0.0,0.0
5.020000000000011,13.137040760991237,5.730878828285694,COMENDO,0.7023066601382322,0.9600900000001816,0.9595185527557745,0.9597179377398094,0.0,0.0,0.0,0.0,0.7366887374751154,29.46754949900462,0.0,24.184077124083363,0.8534821889295586,0.0,0.0
5.0300000000000145,13.137266735491439,5.730387311725705,COMENDO,0.7030608683026872,0.9599900000001821,0.959419030794382,0.9596184888714363,0.0,0.0,0.0,0.0,0.7748300920226182,30.993203680904728,0.0,18.83457820209536,0.6646925970758366,0.0,0.0
5.040000000000018,13.137298747936814,5.730482210708264,COMENDO,0.7037611989280713,0.9598900000001825,0.9593191032145052,0.9595185183229448,0.0,0.0,0.0,0.0,0.7128780984521345,28.515123938085377,0.0,25.29386208053672,0.5176631151044271,0.0,0.0
5.050000000000021,13.137238307094401,5.730469944405136,COMENDO,0.704402335984935,0.959790000000183,0.9592190498390981,0.959418452408203,0.0,0.0,0.0,0.0,0.655879512792459,26.235180511698363,0.0,19.6988795952221,0.4031564394105104,0.0,0.0
5.0600000000000245,13.137387389986195,5.729911838424354,COMENDO,0.7049890123296995,0.9596900000001835,0.9591165364762404,0.9593179035891252,0.0,0.0,0.0,0.0,0.6034382824145037,24.13753129658015,0.0,48.39522393075165,0.3139785507131847,0.0,0.0
5.070000000000028,13.137448684210836,5.730296165362597,COMENDO,0.7055255824004804,0.9595900000001839,0.9590177823626235,0.9592190101751243,0.0,0.0,0.0,0.0,0.5551900213089765,22.20760085235906,0.0,37.690238294185356,0.2445267411630528,0.0,0.0
5.080000000000031,13.137527679395355,5.7301554349602615,COMENDO,0.7060160524737444,0.9594900000001844,0.9589177656227775,0.9591189633306336,0.0,0.0,0.0,0.0,0.5107994781632588,20.43197912653035,0.0,29.353187097659394,0.19043761749968416,0.0,0.0
5.0900000000000345,13.13748954961346,5.730135482878873,COMENDO,0.7060769441945619,0.9594600000001845,0.9588877469418454,0.9590889291853821,0.0,0.0,0.0,0.0,0.46995820687967915,18.798328275187167,0.0,33.7547481770674,0.1483129656350066,0.0,0.0
5.100000000000038,13.13700608841128,5.72986823352378,COMENDO,0.7060369441945619,0.9594600000001845,0.9588881317733533,0.9590875132277757,0.0,0.0,0.0,0.0,0.4323824233488608,17.295296933954432,0.0,26.288224312678157,0.11550625377618542,0.0,0.0
5.110000000000041,13.137467863725288,5.730420282556038,COMENDO,0.7059969441945618,0.9594600000001845,0.9588897824874604,0.9590890738576674,0.0,0.0,0.0,0.0,0.3978110335860109,15.912441343440435,0.0,30.83642352588325,0.08995636089053757,0.0,0.0
5.1200000000000445,13.137265440147265,5.7305283879643065,COMENDO,0.7059569441945618,0.9594600000001845,0.9588892554684401,0.9590885901062844,0.0,0.0,0.0,0.0,0.46467850236900066,18.587140094760027,0.0,35.18568851476145,0.07005808430380452,0.0,0.0
5.130000000000048,13.137280797287524,5.730501906274851,COMENDO,0.7059169441945617,0.9594600000001845,0.9588893549483664,0.9590886927789316,0.0,0.0,0.0,0.0,0.42752486070291795,17.100994428116717,0.0,37.509908927505165,0.05456129091628542,0.0,0.0
5.140000000000051,13.136410670802313,5.730482607902085,COMENDO,0.7058769441945617,0.9594600000001845,0.9588871628012069,0.9590872143117612,0.0,0.0,0.0,0.0,0.393341860204899,15.73367440819596,0.0,50.214476684749336,0.042492376090989784,0.0,0.0
5.1500000000000545,13.137698506064332,5.730322884521141,COMENDO,0.7058369441945617,0.9594600000001845,0.9588883219727369,0.959089553607933,0.0,0.0,0.0,0.0,0.3618919815214254,14.475679260857016,0.0,51.147317527412916,0.03309309577422747,0.0,0.0
5.160000000000058,13.13752099072806,5.730107754503112,COMENDO,0.7057969441945616,0.9594600000001845,0.9588877309148832,0.9590889061597505,0.0,0.0,0.0,0.0,0.3329566962979257,13.318267851917028,0.0,39.83357094235095,0.02577292890322534,0.0,0.0
5.170000000000061,13.137545572122654,5.730192530396145,COMENDO,0.7057569441945616,0.9594600000001845,0.9588878899816933,0.9590890755931772,0.0,0.0,0.0,0.0,0.3063349487423384,12.253397949693536,0.0,31.022416242433266,0.020071977211875525,0.0,0.0
5.1800000000000646,13.137070270581523,5.729877715495054,COMENDO,0.7057169441945615,0.9594600000001845,0.9588865110266862,0.9590881017315017,0.0,0.0,0.0,0.0,0.28184175859614846,11.27367034384594,0.0,35.903251148454665,0.015632071570400044,0.0,0.0
5.190000000000068,13.137433224646745,5.730799302739671,COMENDO,0.7056769441945615,0.9594600000001845,0.9588897188516577,0.959089039388991,0.0,0.0,0.0,0.0,0.2593069358056925,10.3722774322277,0.0,48.95009178276381,0.012174269580055793,0.0,0.0
5.200000000000071,13.137222009206774,5.73053050285256,COMENDO,0.7056369441945615,0.9594600000001845,0.9588891997182547,0.9590885601056839,0.0,0.0,0.0,0.0,0.23857389796267187,9.542955918506875,0.0,47.98008765581969,0.009481330682269832,0.0,0.0
5.210000000000075,13.137355244279444,5.730535507055044,COMENDO,0.7055969441945614,0.9594600000001845,0.9588895105708753,0.9590888483416024,0.0,0.0,0.0,0.0,0.2194985822969024,8.779943291876096,0.0,47.99240766611225,0.00738406775991068,0.0,0.0
5.220000000000078,13.137110531775313,5.730126573243774,COMENDO,0.7055569441945614,0.9594600000001845,0.9588892882671349,0.9590883115234597,0.0,0.0,0.0,0.0,0.20194844466131992,8.077937786452797,0.0,37.37652467185029,0.005750717753670748,0.0,0.0
5.230000000000081,13.140207990654126,5.743863946785644,EXPLORANDO,0.7054537001580298,0.9594600000001845,0.958883769469085,0.9591009827382383,0.0,0.0,0.48418709585815944,0.6870693398272101,0.0,7.432061542149055,0.0,40.279124408606776,0.0044786634897814055,0.0,0.0
5.240000000000085,13.157596489006101,5.755056575003783,EXPLORANDO,0.7053434189491804,0.9594600000001845,0.958899385859991,0.9591266135383285,0.0,0.0,0.47977642806671816,0.6916564558589077,0.0,6.837826711035634,0.0,52.62701055623506,0.0034879866329550683,0.0,0.0
5.250000000000088,13.21184110459948,5.786546347511432,EXPLORANDO,0.7052331271528778,0.9594600000001845,0.9590131766122254,0.9592275234579282,0.0,0.0,0.45945553216010065,0.7121538169455435,0.0,6.291104273691529,0.0,40.985957031902934,0.0027164467210879987,0.0,0.0
5.260000000000091,13.26391876293854,5.792356550122119,EXPLORANDO,0.7051228247681054,0.9594600000001845,0.9591093204648585,0.9592981781160648,0.0,0.0,0.4095137818266164,0.7622720494004352,0.0,5.788095348860557,0.0,31.919895431376936,0.0021155708335550824,0.0,0.0
5.270000000000095,13.284591036149177,5.780131511253382,EXPLORANDO,0.7050125117938464,0.9594600000001845,0.9591678467635856,0.9593230056684632,0.0,0.0,0.4167924485583257,0.7551698817331494,0.0,9.30532110127321,0.0,36.029497283195816,0.0016476082218157219,0.0,0.0
5.280000000000098,13.369266748846272,5.774742158608867,EXPLORANDO,0.7049021882290846,0.9594600000001845,0.9592834388433031,0.9593921281412655,0.0,0.0,0.397035592098798,0.7751032542017422,0.0,12.475541126496006,0.0,49.370552688104716,0.0012831585733449682,0.0,0.0
5.290000000000101,13.381852242537374,5.851685660815303,EXPLORANDO,0.7047918540728031,0.9594600000001845,0.9592151040484734,0.959417552097352,0.0,0.0,0.3493897205391548,0.8229256587167194,0.0,11.478051932911068,0.0,38.449825094163984,0.0009993249017258474,0.0,0.0
5.300000000000105,13.39093771473917,5.909704605343686,EXPLORANDO,0.7046815093239847,0.9594600000001845,0.9591258778338742,0.9593964914370798,0.0,0.0,0.31884656364178454,0.8536453655173202,0.0,18.58946940126657,0.0,29.944753892293445,0.0007782750160068442,0.0,0.0
5.310000000000108,13.422483481965074,5.965149693562123,COMENDO,0.7046313212205242,0.9594600000001845,0.9590616711387053,0.9593735989614252,0.0,0.0,0.0,0.0,0.531312279353001,21.25249117412004,0.0,23.320997780198617,0.0006061211919110402,0.0,0.0
5.320000000000111,13.465188142022297,6.089921592060472,COMENDO,0.7051808525017033,0.959360000000185,0.9587541994663522,0.9591529597265869,0.0,0.0,0.0,0.0,0.69118320961961,27.647328384784398,0.0,39.951337492762796,0.00047204765889649115,0.0,0.0
5.330000000000115,13.519614607259882,6.0778610539421845,COMENDO,0.7058219213217728,0.9592600000001854,0.9587253220971003,0.9590791988044866,0.0,0.0,0.0,0.0,0.7387922367118218,29.551689468472873,0.0,41.4772667697264,0.00036763108639561055,0.0,0.0
5.340000000000118,13.535667520863763,6.065775547391698,COMENDO,0.7066391025461097,0.9591600000001859,0.9586822922026779,0.9590091656588849,0.0,0.0,0.0,0.0,0.8762658123518291,35.05063249407316,0.0,56.99261581159185,0.0002863113779662927,0.0,0.0
5.350000000000121,13.550752034395831,6.051213982806262,COMENDO,0.7074363524458492,0.9590600000001863,0.9586277436077267,0.9589290002302294,0.0,0.0,0.0,0.0,0.8062034663849269,32.24813865539708,0.0,44.38589382335544,0.00022297952536240155,0.0,0.0
5.360000000000125,13.603821186315681,6.042591657415106,COMENDO,0.7081666595397536,0.9589600000001868,0.9585535285323238,0.958818820500279,0.0,0.0,0.0,0.0,0.7417429963022515,29.66971985209006,0.0,46.91281285278712,0.0001736566289611284,0.0,0.0
5.370000000000128,13.596383077141244,6.074735391215061,COMENDO,0.7088353762790495,0.9588600000001872,0.9583847845728165,0.9586817383555342,0.0,0.0,0.0,0.0,0.6824365008383053,27.297460033532214,0.0,36.53573538583286,0.00013524391862046713,0.0,0.0
5.380000000000131,13.600006398721789,6.0878453169462405,COMENDO,0.709447427156593,0.9587600000001877,0.958243130879765,0.9585560311607789,0.0,0.0,0.0,0.0,0.6278718909354624,25.114875637418493,0.0,39.07953715650149,0.00010532806972726513,0.0,0.0
5.390000000000135,13.599336569081117,6.100224123256014,COMENDO,0.7100382055344956,0.9586600000001881,0.9581116127973426,0.9584360927903607,0.0,0.0,0.0,0.0,0.6796892987739839,27.187571950959356,0.0,51.43690437862264,8.202958318299357e-05,0.0,0.0
5.400000000000138,13.607852908065016,6.1203867266535275,COMENDO,0.7107379521717919,0.9585600000001886,0.9579668993648004,0.9583040324370364,0.0,0.0,0.0,0.0,0.7223880768086357,28.89552307234543,0.0,40.05910140884026,6.388470361793631e-05,0.0,0.0
5.410000000000141,13.621906185650975,6.125366376791685,COMENDO,0.7113881757733014,0.958460000000189,0.9578629201821568,0.958194265975133,0.0,0.0,0.0,0.0,0.6646291152626039,26.585164610504158,0.0,54.394062778718855,4.9753457203933394e-05,0.0,0.0
5.420000000000145,13.624117205276637,6.124838791394023,COMENDO,0.7119832121427154,0.9583600000001895,0.9577642537271066,0.9580942746772213,0.0,0.0,0.0,0.0,0.6114883052973876,24.459532211895503,0.0,63.88207959419545,3.874803143093294e-05,0.0,0.0
5.430000000000148,13.629801768645269,6.121760688285039,COMENDO,0.7125274738074814,0.95826000000019,0.9576734218829027,0.9579965008722436,0.0,0.0,0.0,0.0,0.562596399900012,22.50385599600048,0.0,49.75141361218921,3.017699722088596e-05,0.0,0.0
5.440000000000151,13.630004676513874,6.113946971050201,COMENDO,0.7130250204888313,0.9581600000001904,0.9575942135014598,0.9579094278058178,0.0,0.0,0.0,0.0,0.5176136754185712,20.704547016742847,0.0,38.74643988008229,2.350186906636958e-05,0.0,0.0
5.450000000000155,13.629222533709402,6.115909789304986,COMENDO,0.7131878059342126,0.9581100000001906,0.9575429324667663,0.9578589053250668,0.0,0.0,0.0,0.0,0.4762275710046119,19.049102840184474,0.0,40.03347556382329,1.8303274032530243e-05,0.0,0.0
5.460000000000158,13.629763525945354,6.118965918889357,COMENDO,0.7131478059342126,0.9581100000001906,0.9575331731627242,0.9578528243037279,0.0,0.0,0.0,0.0,0.43815051679528266,17.526020671811306,0.0,31.17810211817551,1.4254604149305054e-05,0.0,0.0
5.470000000000161,13.632413730099495,6.121394378188627,COMENDO,0.713363779779976,0.9580700000001908,0.9574858057676509,0.9578063885097875,0.0,0.0,0.0,0.0,0.5034509779052978,20.13803911621191,0.0,45.53248600016579,1.1101496873851667e-05,0.0,0.0
5.480000000000165,13.634971840273792,6.1234777684712975,COMENDO,0.7134374675252688,0.9580500000001909,0.9574595020013655,0.9577805735954156,0.0,0.0,0.0,0.0,0.5660702454771708,22.642809819086832,0.0,46.63099347779899,8.645854458620426e-06,0.0,0.0
5.490000000000168,13.634912677276498,6.1243643103666505,COMENDO,0.7139383333785184,0.9579500000001914,0.9573578315239382,0.9576797446755767,0.0,0.0,0.0,0.0,0.5208097676391208,20.832390705564833,0.0,48.6612982217411,6.733398222694982e-06,0.0,0.0
5.500000000000171,13.635725318080008,6.1258497187899446,COMENDO,0.7141023709565524,0.9579000000001916,0.9573044687010968,0.957627135307455,0.0,0.0,0.0,0.0,0.47916811780076884,19.166724712030753,0.0,37.89745716036312,5.243975808566455e-06,0.0,0.0
5.510000000000175,13.636923579871546,6.125113648865308,COMENDO,0.7140623709565523,0.9579000000001916,0.9573063381460023,0.9576276047588141,0.0,0.0,0.0,0.0,0.44085595045104303,17.63423801804172,0.0,51.86206653897131,4.0840124661190576e-06,0.0,0.0
5.520000000000178,13.635946438459055,6.125029532713789,COMENDO,0.7140223709565523,0.9579000000001916,0.9573098173961543,0.9576306343554039,0.0,0.0,0.0,0.0,0.40560705486858384,16.224282194743353,0.0,40.39021803225214,3.1806321066869e-06,0.0,0.0
5.530000000000181,13.635476333654639,6.124401243808603,COMENDO,0.7139823709565523,0.9579000000001916,0.9573112293247155,0.9576318385358251,0.0,0.0,0.0,0.0,0.37317650536609,14.9270602146436,0.0,51.676785121541606,2.4770787753498082e-06,0.0,0.0
5.540000000000185,13.635139046062312,6.12521482117046,COMENDO,0.7139423709565522,0.9579000000001916,0.957308936821874,0.9576305884811446,0.0,0.0,0.0,0.0,0.3433389594329608,13.733558377318431,0.0,40.2459207192693,1.9291508899719857e-06,0.0,0.0
5.550000000000188,13.635610312837168,6.125769804669926,COMENDO,0.7139023709565522,0.9579000000001916,0.9573073151742242,0.9576292977534956,0.0,0.0,0.0,0.0,0.31588709195093945,12.635483678037577,0.0,31.3435545715966,1.5024242237730794e-06,0.0,0.0
5.5600000000001915,13.63588642603413,6.125320135009742,COMENDO,0.7138623709565521,0.9579000000001916,0.9573056751434323,0.957628024930233,0.0,0.0,0.0,0.0,0.29063015460296127,11.62520618411845,0.0,35.304847924369554,1.1700891619799212e-06,0.0,0.0
5.570000000000195,13.635823619153074,6.125564143952916,COMENDO,0.7138223709565521,0.9579000000001916,0.9573054874721484,0.9576277081087543,0.0,0.0,0.0,0.0,0.3677256926261576,14.709027705046305,0.0,38.38990628948468,9.112663556133261e-07,0.0,0.0
5.580000000000198,13.636033999373126,6.125340951766154,COMENDO,0.7137823709565521,0.9579000000001916,0.9573060944482092,0.957627982750655,0.0,0.0,0.0,0.0,0.33832396961639566,13.532958784655827,0.0,40.00535623959093,7.096949513382833e-07,0.0,0.0
5.5900000000002015,13.636191895148823,6.125196583040801,COMENDO,0.713742370956552,0.9579000000001916,0.9573064845234845,0.9576281682232625,0.0,0.0,0.0,0.0,0.3112730785807857,12.450923143231428,0.0,31.156202766443908,5.527109838440773e-07,0.0,0.0
5.600000000000205,13.635783661092288,6.124741371632506,COMENDO,0.713702370956552,0.9579000000001916,0.957309885055786,0.9576307157748928,0.0,0.0,0.0,0.0,0.28638505737272635,11.455402294909055,0.0,34.3717422713404,4.3045174702993386e-07,0.0,0.0
5.610000000000208,13.635991043504305,6.125113988172757,COMENDO,0.7136623709565519,0.9579000000001916,0.9573086639552311,0.9576298858306026,0.0,0.0,0.0,0.0,0.26348697246907515,10.539478898763006,0.0,36.87600695575083,3.3523615766136657e-07,0.0,0.0
5.6200000000002115,13.635547355006087,6.125351561542794,COMENDO,0.7136223709565519,0.9579000000001916,0.9573083822343169,0.9576300137949773,0.0,0.0,0.0,0.0,0.2424197173477629,9.696788693910516,0.0,49.99658797866984,2.6108218210052114e-07,0.0,0.0
5.630000000000215,13.635610065945205,6.125422869844397,COMENDO,0.7135823709565519,0.9579000000001916,0.9573080743117293,0.9576297646069061,0.0,0.0,0.0,0.0,0.22303690694182848,8.92147627767314,0.0,38.93738186868644,2.0333100786587692e-07,0.0,0.0
5.640000000000218,13.634792776849656,6.125442536086598,COMENDO,0.7135423709565518,0.9579000000001916,0.9573078653240276,0.9576299789232444,0.0,0.0,0.0,0.0,0.20520386048802938,8.208154419521176,0.0,30.324463490083307,1.5835434814864283e-07,0.0,0.0
5.6500000000002215,13.63766706757228,6.1338518276919585,EXPLORANDO,0.7134537179899029,0.9579000000001916,0.9572852172554978,0.9576134780904378,0.0,0.0,0.27682458368066537,0.8816319463528017,0.0,7.5518666280954525,0.0,33.4744337562832,1.2332649034092484e-07,0.0,0.0
5.660000000000225,13.67036743562723,6.160748603537822,EXPLORANDO,0.7133442048159442,0.9579000000001916,0.9572178314763372,0.9575523961816409,0.0,0.0,0.27802425084487237,0.8806074985848222,0.0,6.948052711204804,0.0,37.812884308345794,9.604676725096026e-08,0.0,0.0
5.670000000000228,13.715520713061702,6.1999278685545836,EXPLORANDO,0.7132346811282665,0.9579000000001916,0.957101885948126,0.9574449429650569,0.0,0.0,0.27066102621951316,0.8881459594281982,0.0,6.392517089494107,0.0,29.448703909528124,7.480129754652478e-08,0.0,0.0
5.6800000000002315,13.774521120173851,6.21011515525459,EXPLORANDO,0.7131251469258604,0.9579000000001916,0.9570380374572605,0.9573569693560646,0.0,0.0,0.2618214419982582,0.8971607966908738,0.0,5.881399643611551,0.0,34.10493139086054,5.82553091039906e-08,0.0,0.0
5.690000000000235,13.784006801492831,6.1879694263757505,EXPLORANDO,0.7130156022077165,0.9579000000001916,0.9571014067790116,0.9573956837952813,0.0,0.0,0.27817623666045116,0.8809812718951202,0.0,5.411148892307701,0.0,26.560947273798718,4.5369280348254596e-08,0.0,0.0
5.700000000000238,13.843847703624865,6.215662676800288,EXPLORANDO,0.7129060469728256,0.9579000000001916,0.9569769145116362,0.9572473025456691,0.0,0.0,0.27713585506085575,0.8821969401877889,0.0,4.978497315095351,0.0,20.685686535952723,3.5333631062606755e-08,0.0,0.0
5.7100000000002415,13.813756746419049,6.277979807458133,EXPLORANDO,0.7127964812201779,0.9579000000001916,0.9567675029020717,0.9571139910065786,0.0,0.0,0.27812177624587026,0.8813863225240969,0.0,4.580438648000559,0.0,27.0044919523384,2.7517859540314234e-08,0.0,0.0
5.720000000000245,13.825997103050133,6.349421082758563,EXPLORANDO,0.7126869049487634,0.9579000000001916,0.9564848744263063,0.9568782505038362,0.0,0.0,0.31556136927461614,0.8441220498465387,0.0,4.214206994645204,0.0,31.925582558695407,2.1430930558445642e-08,0.0,0.0
5.730000000000248,13.87766239594264,6.440584414044553,EXPLORANDO,0.7125773181575725,0.9579000000001916,0.9561391013506687,0.9565640413395313,0.0,0.0,0.26971354977278805,0.8901452065310355,0.0,3.8772576075151477,0.0,34.97093585602517,1.669042550086636e-08,0.0,0.0
5.740000000000252,13.933256512518472,6.579434396540463,EXPLORANDO,0.712467720845595,0.9579000000001916,0.9554016836567149,0.9559082381714222,0.0,0.0,0.2227866913085512,0.9372474190110378,0.0,3.5672492058733645,0.0,37.34265938871468,1.299851644986966e-08,0.0,0.0
5.750000000000255,14.010569885621518,6.613855654948689,EXPLORANDO,0.7123581130118211,0.9579000000001916,0.9550876370223578,0.9555741500687505,0.0,0.0,0.23162027969599505,0.9285892014740719,0.0,3.282027707454678,0.0,49.81523736112739,1.0123254789925022e-08,0.0,0.0
5.760000000000258,14.082263263371598,6.609409330314245,EXPLORANDO,0.7122484946552404,0.9579000000001916,0.9550154187176603,0.955460254796833,0.0,0.0,0.3321736170317846,0.8282112518250897,0.0,3.019611260902359,0.0,50.24918001203057,7.883998757624953e-09,0.0,0.0
5.770000000000262,14.120140575392098,6.611614605805226,EXPLORANDO,0.712138865774843,0.9579000000001916,0.9549414797517854,0.9553504353090587,0.0,0.0,0.38326307389028197,0.7772971994913447,0.0,2.7781764749450235,0.0,51.47914472789906,6.140064406172292e-09,0.0,0.0
5.780000000000265,14.22386135235907,6.608834856673456,EXPLORANDO,0.7120292263696184,0.9579000000001916,0.9547158723176159,0.9550407289152312,0.0,0.0,0.4059487992524204,0.7547868954935206,0.0,2.5560457486277515,0.0,40.09199822593395,4.781886967635838e-09,0.0,0.0
5.790000000000268,14.200064635734583,6.717490553313884,EXPLORANDO,0.7119195764385564,0.9579000000001916,0.9541329498147341,0.9545103181685495,0.0,0.0,0.4337254936843859,0.7271856392670476,0.0,2.3516756145619904,0.0,52.78398091885382,3.7241373149537338e-09,0.0,0.0
5.800000000000272,14.177618574509548,6.794961355099705,EXPLORANDO,0.7118099159806459,0.9579000000001916,0.9537697442486849,0.9541837648312701,0.0,0.0,0.44778482531866176,0.7133017626810598,0.0,2.1636460141977407,0.0,41.10820567322943,2.900361057151405e-09,0.0,0.0
5.810000000000275,14.2035783751647,6.883638732463821,EXPLORANDO,0.7117002449948769,0.9579000000001916,0.9532121339237818,0.9536581938569143,0.0,0.0,0.4170058142904064,0.7442562456020155,0.0,1.9906504305976285,0.0,42.378236614584196,2.2588034624993206e-09,0.0,0.0
5.820000000000278,14.218966930076027,7.066963688411989,EXPLORANDO,0.7115905634802383,0.9579000000001916,0.951848947121538,0.9523934962306276,0.0,0.0,0.3998722302937746,0.7615653183373773,0.0,1.8314868101508055,0.0,54.79313002016108,1.7591579053988702e-09,0.0,0.0
5.830000000000282,14.329313298284589,7.124898680038268,EXPLORANDO,0.7114808714357196,0.9579000000001916,0.9510665506300934,0.9515913652701775,0.0,0.0,0.419251446837414,0.7423616073801143,0.0,5.834402890708542,0.0,53.036066412247486,1.3700335542708917e-09,0.0,0.0
5.840000000000285,14.384050155432384,7.117755912661216,EXPLORANDO,0.7113711688603097,0.9579000000001916,0.9510173108948561,0.9515332543669285,0.0,0.0,0.4472582483620187,0.7145303282911498,0.0,9.414815565456953,0.0,53.649574038719045,1.0669832049002698e-09,0.0,0.0
5.850000000000288,14.441864707133576,7.128035547034536,EXPLORANDO,0.7112614557529975,0.9579000000001916,0.950755002075837,0.9512425192649965,0.0,0.0,0.4594402208209153,0.7025238951187757,0.0,8.662048475763887,0.0,53.52529935888226,8.309673555003668e-10,0.0,0.0
5.860000000000292,14.57513757823288,7.142204130119997,EXPLORANDO,0.711151732112772,0.9579000000001916,0.950140729881474,0.950507586154201,0.0,0.0,0.4597310023429502,0.7024086697357628,0.0,7.969469319375006,0.0,52.855802780510956,6.471580271704597e-10,0.0,0.0
5.870000000000295,14.568904300609626,7.255514239896655,EXPLORANDO,0.7110419979386219,0.9579000000001916,0.9492744622778915,0.9496547635966576,0.0,0.0,0.4363374487582277,0.7259777963136246,0.0,7.332265734850728,0.0,63.87231842677612,5.040071783312993e-10,0.0,0.0
5.880000000000298,14.550167302184084,7.31646716661824,EXPLORANDO,0.710932253229536,0.9579000000001916,0.9488501384461263,0.9492022401507312,0.0,0.0,0.41553457420515405,0.7469562607155729,0.0,6.746010135927383,0.0,61.19684575365601,3.9252118515802496e-10,0.0,0.0
5.890000000000302,14.529943411183503,7.391091538372405,EXPLORANDO,0.710822497984503,0.9579000000001916,0.9482132165691058,0.9485962853757756,0.0,0.0,0.3893794046283791,0.7732870369985766,0.0,6.206628946592791,0.0,47.66015139444725,3.056958063731855e-10,0.0,0.0
5.900000000000305,14.551129041394912,7.5813963440309,EXPLORANDO,0.7107127322025112,0.9579000000001916,0.9464411080704632,0.9469185443324508,0.0,0.0,0.4067277265117908,0.7561143386803655,0.0,5.710374295989379,0.0,48.01222630706602,2.380761333850813e-10,0.0,0.0
5.910000000000308,14.640978443172962,7.686180388369654,EXPLORANDO,0.7106029558825491,0.9579000000001916,0.9449719149878956,0.9454491952641083,0.0,0.0,0.40362769970503026,0.7593900059129173,0.0,5.253797976467881,0.0,37.391959444944504,1.8541387911091342e-10,0.0,0.0
5.920000000000312,14.695657391367973,7.687726435117033,EXPLORANDO,0.7104931690236049,0.9579000000001916,0.9446513374410996,0.9451528199212029,0.0,0.0,0.40976593746500906,0.753427425440939,0.0,4.833727483840113,0.0,40.573921442593665,1.4440047424388613e-10,0.0,0.0
5.930000000000315,14.782728338776032,7.710409328629763,EXPLORANDO,0.7103833716246671,0.9579000000001916,0.9439999141771048,0.944476709446693,0.0,0.0,0.35840465838597374,0.8049643786718031,0.0,4.44724397334735,0.0,55.38221464165953,1.1245920241702071e-10,0.0,0.0
5.940000000000318,14.873506045669806,7.740629715854354,EXPLORANDO,0.7102735636847236,0.9579000000001916,0.9433061724015808,0.9436517884793586,0.0,0.0,0.39375623481225364,0.7697884932627992,0.0,4.091661978172149,0.0,43.13171213115304,8.758331490596132e-11,0.0,0.0
5.950000000000322,14.924239260962267,7.807938956771924,EXPLORANDO,0.7101637452027625,0.9579000000001916,0.9423382896619515,0.9426562046879343,0.0,0.0,0.38600731608457317,0.7777131198748216,0.0,3.7645107495684527,0.0,33.591011182952386,6.82099542327521e-11,0.0,0.0
5.960000000000325,14.885864797118233,7.881961106344608,EXPLORANDO,0.7100539161777717,0.9579000000001916,0.9417077910985918,0.9419687068285232,0.0,0.0,0.45152170124307933,0.7123744594693433,0.0,3.463517088952502,0.0,38.50574979927732,5.312196576973199e-11,0.0,0.0
5.970000000000328,14.863142622235735,7.97605572501401,EXPLORANDO,0.7099440766087389,0.9579000000001916,0.9407734390800571,0.9410121608758238,0.0,0.0,0.46346383775631467,0.7006080645794407,0.0,3.1865895526639627,0.0,52.356755010434576,4.137142853975961e-11,0.0,0.0
5.980000000000332,14.878321797344546,8.109571170958318,EXPLORANDO,0.7098342264946519,0.9579000000001916,0.9392186323710023,0.9395348807991315,0.0,0.0,0.4642173796124375,0.7000302812185757,0.0,2.9318039196446333,0.0,40.77548180120412,3.222010094354744e-11,0.0,0.0
5.990000000000335,14.894421006242492,8.262657619619583,EXPLORANDO,0.7097243658344985,0.9579000000001916,0.937089558374487,0.9374395423196433,0.0,0.0,0.5124873030642261,0.6519361331355888,0.0,2.6973898210574028,0.0,31.75597715689158,2.509303984547444e-11,0.0,0.0
6.000000000000338,14.975121285789054,8.297090590063567,EXPLORANDO,0.7096144946272659,0.0,0.9360098321759838,0.9363963209858035,0.0,0.0,0.49936692218999296,0.6652323062537887,0.0,2.4817184389418534,0.0,24.731579876984792,1.9542479081297447e-11,0.0,0.0
6.010000000000342,15.061430498001359,8.315014074775675,EXPLORANDO,0.7095046128719419,0.0,0.9354236919188761,0.9358171993801313,0.0,0.0,0.5325819357072789,0.6321931018572533,0.0,6.2633074926431425,0.0,41.96915160623521,11.742969086095801,0.0,0.0
6.020000000000345,15.1204443007971,8.348916667981594,EXPLORANDO,0.7093947205675133,0.0,0.9346564202705515,0.9349878189181093,0.0,0.0,0.5460115124022019,0.6189393511614866,0.0,5.762521075712315,0.0,32.685608135778466,9.145433519834706,0.0,0.0
6.030000000000348,15.256480344564878,8.391666303968602,EXPLORANDO,0.7092848177129678,0.0,0.9331901524836215,0.9334301517836485,0.0,0.0,0.5545068986564842,0.6106198077863855,0.0,5.301775329892876,0.0,25.455577211309333,7.12247078677474,0.0,0.0
6.040000000000352,15.221223370947106,8.499684871659113,EXPLORANDO,0.7091749043072928,0.0,0.9318502843247005,0.9320140107473082,0.0,0.0,0.5805359024883914,0.5847666637153046,0.0,4.8778687798874785,0.0,30.18795731131507,5.546985826143369,0.0,0.0
6.050000000000355,15.20359667018026,8.57680787165905,EXPLORANDO,0.709064980349475,0.0,0.9310482788904534,0.9311315907536957,0.0,0.0,0.5894778044494564,0.5760006383983323,0.0,4.487855926230226,0.0,47.89569254302135,4.319996905086437,0.0,0.0
6.060000000000358,15.201001493777506,8.661457974182342,EXPLORANDO,0.7089550458385012,0.0,0.9299282323462504,0.9300273234576848,0.0,0.0,0.6167179480714946,0.5489363883052742,0.0,4.129026778589227,0.0,49.04417194433283,3.3644169725473607,0.0,0.0
6.070000000000362,15.1666990331264,8.823584662769678,EXPLORANDO,0.7088451007733586,0.0,0.927561026467794,0.9277476316490249,0.0,0.0,0.6343056006948428,0.5315246460974143,0.0,3.7988880254959265,0.0,38.19563951533502,2.6202105727986087,0.0,0.0
6.080000000000365,15.276631381049919,8.885695193003817,EXPLORANDO,0.7087351451530336,0.0,0.9256973420667667,0.9259344077366641,0.0,0.0,0.630397599819672,0.5356085742762029,0.0,3.495145709659746,0.0,29.746793964455986,2.0406220459075293,0.0,0.0
6.0900000000003685,15.339708542687534,8.888382709009196,EXPLORANDO,0.7086251789765131,0.0,0.9252895386593283,0.9256125969101215,0.0,0.0,0.6565712000165168,0.5096109182727268,0.0,3.215689288488092,0.0,33.792304261307294,1.5892380473055554,0.0,0.0
6.100000000000372,15.410093096505483,8.915779008154441,EXPLORANDO,0.7085152022427836,0.0,0.9243566250827016,0.9247029543811652,0.0,0.0,0.6744217160430112,0.49193636333097296,0.0,2.958576969056812,0.0,37.21193610026211,1.2376998357284361,0.0,0.0
6.110000000000375,15.562863536896892,8.983691322898707,EXPLORANDO,0.7084052149508314,0.0,0.9221059903852263,0.9222848612190269,0.0,0.0,0.6914087047616597,0.47512535259005945,0.0,2.722022215631673,0.0,28.980684974487193,0.9639216012726548,0.0,0.0
6.1200000000003785,15.580960983909655,9.111985148903036,EXPLORANDO,0.708295217099643,0.0,0.919779549008778,0.91991775507198,0.0,0.0,0.6745463425000363,0.49216370972403356,0.0,2.504381335988856,0.0,45.022491297212426,0.7507028978905855,0.0,0.0
6.130000000000382,15.55303360113704,9.165198588432373,EXPLORANDO,0.7081852086882049,0.0,0.919211752178743,0.919235081852815,0.0,0.0,0.6532427087067918,0.5136433552858659,0.0,2.3041420602784695,0.0,35.06355147809454,0.5846480047311606,0.0,0.0
6.140000000000385,15.53619351779811,9.242336441566255,EXPLORANDO,0.7080751897155031,0.0,0.9178967426683743,0.9178839030161975,0.0,0.0,0.6457800283603027,0.5212820642988029,0.0,2.119913033071707,0.0,37.165239192390636,10.313042167891865,0.0,0.0
6.1500000000003885,15.514234434444255,9.37944477852738,EXPLORANDO,0.7079651601805235,0.0,0.915772057912308,0.9158890720268765,0.0,0.0,0.6335263110289467,0.5337118271960889,0.0,1.9504141455775323,0.0,49.932929059607886,8.031805316202599,0.0,0.0
6.160000000000392,15.588061719470035,9.467924332887591,EXPLORANDO,0.7078551200822522,0.0,0.9135078610865358,0.913662434687308,0.0,0.0,0.6485074965771672,0.5189067041149026,0.0,1.7944676408526328,0.0,38.88780425267151,6.255176269735653,0.0,0.0
6.170000000000395,15.657936069580186,9.466906254614218,EXPLORANDO,0.7077450694196752,0.0,0.912848940634868,0.9131491969854099,0.0,0.0,0.6146482817402539,0.5529419983215773,0.0,1.6509899301995234,0.0,42.028821489988644,4.8715361771197925,0.0,0.0
6.1800000000003985,15.742826859073721,9.501743631597641,EXPLORANDO,0.7076350081917782,0.0,0.9113301430706455,0.9116954576356504,0.0,0.0,0.6224364393603596,0.5453299369755824,0.0,1.518984063889328,0.0,32.732079087971414,3.7939561895015697,0.0,0.0
6.190000000000402,15.860626141010643,9.573184763249133,EXPLORANDO,0.7075249363975465,0.0,0.9091534495268859,0.9093868667382324,0.0,0.0,0.6000076398317373,0.567934849684289,0.0,1.3975328038923271,0.0,37.83681281110097,2.9547360513224246,0.0,0.0
6.200000000000405,15.947364257500578,9.670769803639804,EXPLORANDO,0.7074148540359664,0.0,0.9064719770100287,0.906665009963354,0.0,0.0,0.629370862290612,0.5387477573130933,0.0,1.285792250482393,0.0,29.46733944621158,2.3011507505392133,0.0,0.0
6.2100000000004085,15.913388519319964,9.739377699901118,EXPLORANDO,0.7073047611060229,0.0,0.905368708490181,0.905425592445841,0.0,0.0,0.6389846605246533,0.5293101060759509,0.0,1.1829859784299939,0.0,22.94918703574046,1.792138006485289,0.0,0.0
6.220000000000412,15.902224175290197,9.836218548183908,EXPLORANDO,0.7071946576067015,0.0,0.9037145944494867,0.9037026356228514,0.0,0.0,0.6449602075974109,0.5235107229109338,0.0,1.0883996420393212,0.0,40.510277000136206,1.3957184828227684,0.0,0.0
6.230000000000415,15.893235790954526,9.931400992141688,EXPLORANDO,0.7070845435369876,0.0,0.9019737580956587,0.9020418248103629,0.0,0.0,0.6721730087970531,0.49647410253149815,0.0,1.0013760115428323,0.0,31.549435450145584,1.0869866473696046,0.0,0.0
6.2400000000004185,15.894325058833351,10.053377506003564,EXPLORANDO,0.7069744188958663,0.0,0.8994371692472377,0.8995432165811852,0.0,0.0,0.6665619639415942,0.5022613451212526,0.0,0.9213104063637717,0.0,24.57072503403411,0.8465460521596085,0.0,0.0
6.250000000000422,15.993578719229628,10.063754628413244,EXPLORANDO,0.7068642836823228,0.0,0.8979463033641369,0.8982211007833456,0.0,0.0,0.6861744856898868,0.4828250380229691,0.0,0.8476464935148604,0.0,29.242967056440353,0.6592907283279091,0.0,0.0
6.260000000000425,16.075834153009374,10.090269613082853,EXPLORANDO,0.7067541378953419,0.0,0.8966950680110957,0.8971006476848313,0.0,0.0,0.7012607669724082,0.46791498830779393,0.0,0.7798724219384782,0.0,32.63216348687314,11.966490281790174,0.0,0.0
6.270000000000429,16.15582972296939,10.144621704097956,EXPLORANDO,0.7066439815339086,0.0,0.8948992166192231,0.8952635794306617,0.0,0.0,0.6832461352531508,0.48610586851335935,0.0,0.7175172659279397,0.0,25.413954476890893,9.319512002074537,0.0,0.0
6.280000000000432,16.309437879245543,10.216837243421981,EXPLORANDO,0.7065338145970078,0.0,0.8916193992240455,0.8918963929993722,0.0,0.0,0.7209656588851435,0.4485626102882599,0.0,0.6601477529171038,0.0,19.792407647543648,7.258043245059002,0.0,0.0
6.290000000000435,16.301301097974534,10.330821864478482,EXPLORANDO,0.7064236370836244,0.0,0.8890250902117537,0.8891916902012802,0.0,0.0,0.6861765810708006,0.483527970431706,0.0,0.60736525290148,0.0,25.777476420388215,5.652569762818068,0.0,0.0
6.300000000000439,16.279657410531218,10.402484770423353,EXPLORANDO,0.7063134489927426,0.0,0.8880107700929608,0.888068251974272,0.0,0.0,0.7092791537260597,0.4606016970293849,0.0,0.558803008571933,0.0,20.075518821803005,4.402225757648453,0.0,0.0
6.310000000000442,16.27632394357384,10.472525964024303,EXPLORANDO,0.7062032503233473,0.0,0.8865198798776018,0.8865711973252703,0.0,0.0,0.6993925975786887,0.4706645693551532,0.0,0.5141235869146688,0.0,50.127384687930366,3.4284568673137223,0.0,0.0
6.320000000000445,16.239104395595643,10.612821223778532,EXPLORANDO,0.7060930410744226,0.0,0.8836598518870797,0.8838426627683937,0.0,0.0,0.6830418252408892,0.4871916747984341,0.0,0.47301653457003445,0.0,39.0392464482817,2.6700848929904613,0.0,0.0
6.330000000000449,16.36113033652934,10.64607401436513,EXPLORANDO,0.705982821244953,0.0,0.881275012784206,0.8816059328271973,0.0,0.0,0.6487982016089697,0.5216116484645448,0.0,0.43519622065847846,0.0,30.403795704439332,2.0794642055280987,0.0,0.0
6.340000000000452,16.42743073155775,10.657976233627762,EXPLORANDO,0.7058725908339225,0.0,0.8803788671292484,0.8809161166226618,0.0,0.0,0.6288032388201751,0.5417829782178655,0.0,0.4003998520846237,0.0,23.678499902960358,1.6194883516342393,0.0,0.0
6.350000000000455,16.499616967827844,10.687913664739868,EXPLORANDO,0.7057623498403153,0.0,0.8788752830499316,0.8794557749630891,0.0,0.0,0.6012208904879663,0.5695417104465601,0.0,0.3683856475288652,0.0,39.69178992223219,1.2612587964277637,0.0,0.0
6.360000000000459,16.66413572818635,10.755718854036438,EXPLORANDO,0.7056520982631155,0.0,0.8752228596031303,0.8756536212684529,0.0,0.0,0.5584536638619241,0.6124853379026743,0.0,0.33893115743853897,0.0,30.911997072940117,0.9822693383136395,0.0,0.0
6.370000000000462,16.689246118538644,10.87999548316929,EXPLORANDO,0.7055418361013072,0.0,0.8718897510820095,0.8722432812281627,0.0,0.0,0.572652824311157,0.5984625952187239,0.0,0.31183171834517964,0.0,24.074287526706723,11.935249855547799,0.0,0.0
6.380000000000465,16.655525465527308,10.929445873621779,EXPLORANDO,0.7054315633538742,0.0,0.8712637453653959,0.8714080489566932,0.0,0.0,0.5211523613239177,0.6501394929080828,0.0,0.2868990307677468,0.0,28.606791821671447,9.295181933653492,0.0,0.0
6.390000000000469,16.635027131041085,11.007109713560572,EXPLORANDO,0.7053212800198001,0.0,0.8695261650960722,0.8695659810653448,0.0,0.0,0.5230915990702973,0.6483767068022862,0.0,0.2639598508204318,0.0,22.278991871878375,7.23909496872051,0.0,0.0
6.400000000000472,16.620461833651344,11.15348101857495,EXPLORANDO,0.7052109860980684,0.0,0.8663239971392513,0.8665191394729307,0.0,0.0,0.4887471159556605,0.6828976584975951,0.0,0.24285478643372757,0.0,38.661648306143114,17.090846976664476,0.0,0.0
6.410000000000475,16.700903465477253,11.256140053655239,EXPLORANDO,0.7051006815876627,0.0,0.8626852658271679,0.8629119644156786,0.0,0.0,0.5089236184295709,0.662897641546073,0.0,0.22343718982434818,0.0,30.10972197565549,13.310365008779838,0.0,0.0
6.420000000000479,16.766266929981708,11.26051895068815,EXPLORANDO,0.7049903664875667,0.0,0.861524448350084,0.8619819593939211,0.0,0.0,0.5071830933191113,0.6648146691222624,0.0,0.2055721385183634,0.0,33.81260889831554,10.36612269180396,0.0,0.0
6.430000000000482,16.852957098739772,11.295110569737453,EXPLORANDO,0.7048800407967635,0.0,0.8593360956669448,0.8598892283296137,0.0,0.0,0.5335941810883623,0.6385801007637102,0.0,0.1891354978472258,0.0,26.333286287695277,8.073144469791181,0.0,0.0
6.440000000000485,16.962401906172957,11.350637785432749,EXPLORANDO,0.7047697045142366,0.0,0.8567764069576903,0.8571341746664645,0.0,0.0,0.49687378959315565,0.6754770286162111,0.0,0.1740130584024765,0.0,20.50838398170056,6.287371234921949,0.0,0.0
6.450000000000489,17.038144431478422,11.436315285898331,EXPLORANDO,0.7046593576389689,0.0,0.8535200184403566,0.8538259400740256,0.0,0.0,0.5023463372942852,0.6701810342205978,0.0,0.16009974245576472,0.0,27.142203230159545,4.896609641217837,0.0,0.0
6.460000000000492,16.991893660738207,11.503130457010137,EXPLORANDO,0.7045490001699434,0.0,0.8523840004902479,0.8524376746699043,0.0,0.0,0.4455653831688611,0.7271385586013885,0.0,0.14729887383001947,0.0,45.22638220184573,3.8134834229754406,0.0,0.0
6.470000000000495,16.97270723387861,11.596363449954076,EXPLORANDO,0.7044386321061432,0.0,0.8504223714146991,0.8502930705759448,0.0,0.0,0.48230541035570434,0.6905751186213883,0.0,0.13552150614849887,0.0,35.222341874284076,2.969943876043093,0.0,0.0
6.480000000000499,16.970991192449524,11.712696996321554,EXPLORANDO,0.7043282534465513,0.0,0.8475596310315188,0.8475199535063433,0.0,0.0,0.470966344272332,0.7020907888647078,0.0,0.12468580479407984,0.0,37.538454592603586,2.312994616340483,0.0,0.0
6.490000000000502,16.97757069603252,11.859975893494033,EXPLORANDO,0.7042178641901501,0.0,0.8434809712189572,0.8434200817988841,0.0,0.0,0.5059152412873817,0.6673185129643373,0.0,0.11471647828435526,0.0,29.234977832010035,1.8013620184459112,0.0,0.0
6.500000000000505,17.064108467727635,11.896628007023152,EXPLORANDO,0.7041074643359226,0.0,0.8407534742510584,0.8409143292703106,0.0,0.0,0.5425023471365292,0.6309080451862281,0.0,0.10554425511146713,0.0,22.768223628644567,23.77134906456659,0.0,0.0
6.510000000000509,17.151014615583282,11.921628374980315,EXPLORANDO,0.7039970538828512,0.0,0.8391085114243728,0.8393848779677904,0.0,0.0,0.5486733400501848,0.6249137073015988,0.0,0.09710540241151774,0.0,29.474879477213822,18.513145266148154,0.0,0.0
6.520000000000512,17.214943082763146,11.965330381002085,EXPLORANDO,0.7038866328299186,0.0,0.8371137804696981,0.8373145488987062,0.0,0.0,0.546616299622901,0.6271474197175237,0.0,0.0893412831190497,0.0,22.95505921778939,14.418052030390843,0.0,0.0
6.530000000000515,17.351560827632003,12.021215007936435,EXPLORANDO,0.7037762011761066,0.0,0.8335171447846842,0.8336247522163109,0.0,0.0,0.5491061850786716,0.6248342232116382,0.0,0.08219794852949873,0.0,17.87741809426484,11.228790211632642,0.0,0.0
6.540000000000519,17.309229953487627,12.12626244486543,EXPLORANDO,0.7036657589203982,0.0,0.8310781223700767,0.8309246657233609,0.0,0.0,0.5221077915028937,0.652009322700173,0.0,0.0756257634385539,0.0,34.40614288301971,20.785234373573378,0.0,0.0
6.550000000000522,17.283900177244817,12.199898647807668,EXPLORANDO,0.7035553060617749,0.0,0.8298576785620481,0.8294526866353066,0.0,0.0,0.47180234264651755,0.7024914944338065,0.0,0.06957906125372,0.0,26.79553101976238,16.18755680646162,0.0,0.0
6.560000000000525,17.273627958204745,12.28035535436033,EXPLORANDO,0.7034448425992192,0.0,0.8279541324488483,0.8275194328233001,0.0,0.0,0.43972502299006305,0.7347455539336476,0.0,0.06401582668163663,0.0,20.86838054100505,12.606881916885152,0.0,0.0
6.570000000000529,17.23700119566371,12.453658389121513,EXPLORANDO,0.703334368531713,0.0,0.823344144480102,0.8229701984727532,0.0,0.0,0.45458801086889716,0.7200593228659582,0.0,0.058897403786318595,0.0,26.110028950752895,9.818249508958885,0.0,0.0
6.580000000000532,17.34234478768287,12.53934630685078,EXPLORANDO,0.703223883858238,0.0,0.8189744005813302,0.8187303947001273,0.0,0.0,0.4194167207050309,0.7554073868103562,0.0,0.05418822738977038,0.0,43.53051422524066,7.646460405967613,0.0,0.0
6.590000000000535,17.403749582445137,12.5538032955529,EXPLORANDO,0.7031133885777763,0.0,0.8177304618084723,0.817672737209718,0.0,0.0,0.4144012692647693,0.7605996290021654,0.0,0.04985557594862196,0.0,33.90159856611833,5.955069351892066,0.0,0.0
6.600000000000539,17.46959704424832,12.588701304392755,EXPLORANDO,0.7030028826893092,0.0,0.815571129492327,0.8155925362885441,0.0,0.0,0.4478448792099212,0.7273328267812065,0.0,0.04586934418965766,0.0,26.40259151066536,4.637812674498061,0.0,0.0
6.610000000000542,17.6049076585297,12.646278774798505,EXPLORANDO,0.7028923661918188,0.0,0.8119884035471927,0.811718564241374,0.0,0.0,0.37661825196060267,0.7987362787289928,0.0,0.04220183392440452,0.0,20.562358943620595,3.611932142637575,0.0,0.0
6.6200000000005454,17.575618928235052,12.75276894783813,EXPLORANDO,0.7027818390842863,0.0,0.8091992684808132,0.808734763551189,0.0,0.0,0.38477443275664874,0.7907569396073186,0.0,0.038827561589262684,0.0,16.013981247087013,2.8129755810869193,0.0,0.0
6.630000000000549,17.529149075799936,12.80526731548672,EXPLORANDO,0.7026713013656931,0.0,0.8088037328819583,0.8079941603713049,0.0,0.0,0.3505505814230449,0.8251576495928283,0.0,0.03572308117387719,0.0,12.47170113532215,2.1907475853112315,0.0,0.0
6.640000000000552,17.489162664547134,12.87269041895834,EXPLORANDO,0.7025607530350203,0.0,0.8073738162705912,0.8064116866907582,0.0,0.0,0.3517307602782445,0.8241543463686993,0.0,0.032866821307375636,0.0,20.60743369019023,1.7061559349521755,0.0,0.0
6.6500000000005555,17.46374382065368,13.064603149919991,EXPLORANDO,0.7024501940912493,0.0,0.8020571559763056,0.8012173413518292,0.0,0.0,0.3339058864805042,0.8421561127783043,0.0,0.03023893537047099,0.0,16.04908549501219,1.3287555781826783,0.0,0.0
6.660000000000559,17.52535135340205,13.203387704825028,EXPLORANDO,0.7023396245333613,0.0,0.7969259152351814,0.7960413163986172,0.0,0.0,0.3707855468216896,0.8054533620314073,0.0,0.02782116359193892,0.0,12.499040351095411,1.0348358847991663,0.0,0.0
6.670000000000562,17.57531060337687,13.222071075386417,EXPLORANDO,0.7022290443603372,0.0,0.795155182517006,0.7944661122263672,0.0,0.0,0.31536737389042424,0.8610484615410162,0.0,0.02559670617125209,0.0,32.39998400480879,0.8059309974319804,0.0,0.0
6.6800000000005655,17.660096950594124,13.269164997543413,EXPLORANDO,0.7021184535711578,0.0,0.792191241580606,0.791570502154949,0.0,0.0,0.32651030160936695,0.8500824773861022,0.0,0.02355010654576841,0.0,25.233132914446067,0.6276596919015445,0.0,0.0
6.690000000000569,17.73483886717295,13.315855571933827,EXPLORANDO,0.7020078521648038,0.0,0.7902361172378431,0.7892306690903871,0.0,0.0,0.3609285514883506,0.8158411880584637,0.0,0.021667143991359692,0.0,31.10461781941211,0.48882185955527946,0.0,0.0
6.700000000000572,17.769170579643873,13.394048529860553,EXPLORANDO,0.7018972401402563,0.0,0.78696317312046,0.785921477064413,0.0,0.0,0.3920687268935585,0.7848779901935472,0.0,0.019934734810219797,0.0,24.22430071489491,0.3806948470040717,0.0,0.0
6.7100000000005755,17.70571785369685,13.45281669282906,EXPLORANDO,0.7017866174964955,0.0,0.7864897838027087,0.7850502960624888,0.0,0.0,0.39047164551015395,0.7866520661078216,0.0,0.018340841419259468,0.0,31.210948351951025,0.29648544495801954,0.0,0.0
6.720000000000579,17.65012467681781,13.534513949679779,EXPLORANDO,0.7016759842325024,0.0,0.7850831563434445,0.783390020654985,0.0,0.0,0.4247629804239179,0.752537742717136,0.0,0.016874388707391816,0.0,34.164828860886715,0.23090309670257944,0.0,0.0
6.730000000000582,17.624124562359103,13.678610916343604,EXPLORANDO,0.7015653403472571,0.0,0.7810341103082926,0.7794252055068105,0.0,0.0,0.4141076650680201,0.7633700865899524,0.0,0.015525187080519965,0.0,26.60759547035909,0.1798275125255811,0.0,0.0
6.7400000000005855,17.595761351717456,13.83926735182707,EXPLORANDO,0.70145468583974,0.0,0.7763766048861452,0.7747091943338208,0.0,0.0,0.3845866452545042,0.7930681519158591,0.0,0.014283861659507725,0.0,31.616479267731627,0.14004980757270538,0.0,0.0
6.750000000000589,17.657117340104175,13.904776239200567,EXPLORANDO,0.701344020708931,0.0,0.7726171519767664,0.7710477560019068,0.0,0.0,0.42560412808573633,0.7522277315941213,0.0,0.013141787139168021,0.0,45.61155048520823,0.10907089980662243,0.0,0.0
6.760000000000592,17.72943848444459,13.95211418823912,EXPLORANDO,0.7012333449538104,0.0,0.7701776448351069,0.7687584198557854,0.0,0.0,0.44702352434166587,0.7309854148464212,0.0,0.012091027855639012,0.0,47.265280321061645,0.08494450217970027,0.0,0.0
6.7700000000005955,17.764605887209225,13.992476408788837,EXPLORANDO,0.7011226585733583,0.0,0.7685096221178651,0.7668885774396073,0.0,0.0,0.44433920398581617,0.7338468317108678,0.0,0.011124282645708238,0.0,48.55320641221283,0.06615484481516122,0.0,0.0
6.780000000000599,17.878385975964317,14.071576925244623,EXPLORANDO,0.7010119615665545,0.0,0.7640366352005771,0.7623213750647384,0.0,0.0,0.40236543959802573,0.7759977096092546,0.0,0.010234834114941775,0.0,37.81327517445889,12.09176520875537,0.0,0.0
6.790000000000602,17.791889915561363,14.148717514262346,EXPLORANDO,0.7009012539323793,0.0,0.7630442795084736,0.7609437227923461,0.0,0.0,0.3789162779611212,0.7996240017603865,0.0,0.009416501962109835,0.0,29.44900831636308,9.417076213294248,0.0,0.0
6.800000000000606,17.734021152253863,14.207016088125142,EXPLORANDO,0.7007905356698121,0.0,0.7626569902017204,0.7602178462005377,0.0,0.0,0.37919991361502386,0.7995175136259755,0.0,0.008663600035585218,0.0,35.27995472329356,7.334026329156657,0.0,0.0
6.810000000000609,17.698546839794158,14.290829594774653,EXPLORANDO,0.7006798067778325,0.0,0.7607573323559056,0.7583325326254731,0.0,0.0,0.38156739547043395,0.7973271962969533,0.0,0.007970896823322585,0.0,39.82110035105841,5.711745448213502,0.0,0.0
6.820000000000612,17.607111448188608,14.46928402188532,EXPLORANDO,0.7005690672554197,0.0,0.7558042086324246,0.7534136600062925,0.0,0.0,0.3757785403616201,0.8032932329406847,0.0,0.0073335791018845605,0.0,42.75567322224984,4.448311827773205,0.0,0.0
6.830000000000616,17.66110621609061,14.592095377546947,EXPLORANDO,0.7004583171015536,0.0,0.7503988725679606,0.7480514959375594,0.0,0.0,0.42704121600278167,0.752207755844603,0.0,0.006747218491931218,0.0,33.29815178623325,3.464348734815562,0.0,0.0
6.840000000000619,17.715632514204863,14.615795820701615,EXPLORANDO,0.7003475563152136,0.0,0.7488199854387096,0.7466530685763603,0.0,0.0,0.45603702190325435,0.7233891655010047,0.0,0.006207740687785003,0.0,25.93262668594894,2.6980375075067884,0.0,0.0
6.850000000000622,17.76615768254918,14.66087890894355,EXPLORANDO,0.7002367848953786,0.0,0.7460865623648238,0.7440276083780303,0.0,0.0,0.4219802343979397,0.7576231855766228,0.0,0.005711397147263787,0.0,31.366607695797544,2.101233723602307,0.0,0.0
6.860000000000626,17.869306773573285,14.753559614742795,EXPLORANDO,0.7001260028410279,0.0,0.7420805866983702,0.7396244341230929,0.0,0.0,0.41307480691991666,0.7667058626400108,0.0,0.005254739045069897,0.0,35.598596361462775,1.6364424693575201,0.0,0.0
6.870000000000629,17.798146244936273,14.840408368649376,EXPLORANDO,0.7000152101511405,0.0,0.7399400596022379,0.7372723135909176,0.0,0.0,0.4124931025424802,0.7674648336195079,0.0,0.004834593308751183,0.0,27.724214722550055,1.2744626765869396,0.0,0.0
6.880000000000632,17.743587065714326,14.890060196327584,SEGUINDO CHEIRO,0.6998756058569972,0.0,0.7398764235355163,0.7368180237500755,0.0,0.0,0.7582388663049727,1.0219366746386387,0.0,0.004448040570720826,0.0,33.334609222042324,0.9925525305211865,0.0,0.0
6.890000000000636,17.683951820391314,14.966617484617693,SEGUINDO CHEIRO,0.699728787572721,0.0,0.7381995362769521,0.7349574278339542,0.0,0.0,0.7201793622043786,1.0602310857389676,0.0,0.004092394883136324,0.0,47.81125601088883,0.7730006880094041,0.0,0.0
6.900000000000639,17.58600425488832,15.13613607033497,SEGUINDO CHEIRO,0.6995819551932806,0.0,0.7335085118452772,0.7304326830016136,0.0,0.0,0.7418453560140461,1.0388000214810809,0.0,0.003765185054687197,0.0,37.23544362090762,12.05504768743314,0.0,0.0
6.910000000000642,17.581790200104997,15.330350921543117,SEGUINDO CHEIRO,0.699435108717323,0.0,0.7269113706169928,0.7238728222711317,0.0,0.0,0.7551970976902117,1.0256832319109075,0.0,0.0034641374796107586,0.0,41.03923641378334,9.388480578936054,0.0,0.0
6.920000000000646,17.63776839434271,15.373908651468113,SEGUINDO CHEIRO,0.6992882481434947,0.0,0.7237147634092855,0.7209795785897336,0.0,0.0,0.7710277195823634,1.0100875846811241,0.0,0.00318716033962398,0.0,31.961389455706968,7.311756026726069,0.0,0.0
6.930000000000649,17.73023802798336,15.46161715925451,SEGUINDO CHEIRO,0.6991413734704423,0.0,0.7187185981368962,0.716208915283788,0.0,0.0,0.7755814106215023,1.005768890862896,0.0,0.00293232906899914,0.0,46.97006711037665,5.694401319241324,0.0,0.0
6.940000000000652,17.800117136866156,15.585758967321382,SEGUINDO CHEIRO,0.6989944846968121,0.0,0.7144686368456875,0.7115656556751182,0.0,0.0,0.7612379123365977,1.0203474089294184,0.0,0.0026978729817878624,0.0,36.58032504647774,4.434804206547983,0.0,0.0
6.950000000000656,17.837203738611514,15.73623764556739,SEGUINDO CHEIRO,0.6988475818212505,0.0,0.7078012679023195,0.7048480807692731,0.0,0.0,0.74134072968068,1.0404796339298288,0.0,0.0024821629682732806,0.0,28.488785791203377,3.4538289888279285,0.0,0.0
6.960000000000659,17.727423839772026,15.784784273335957,SEGUINDO CHEIRO,0.6987006648424037,0.0,0.7081250564344488,0.7046734804182809,0.0,0.0,0.7258906940163053,1.056164734503735,0.0,0.0022837001751595735,0.0,32.29435584224511,2.689844721093908,0.0,0.0
6.970000000000662,17.62799626514178,15.87094171092329,SEGUINDO CHEIRO,0.6985537337589175,0.0,0.7070580544686199,0.703256407741918,0.0,0.0,0.728272393436475,1.0540181225603034,0.0,0.0021011055908435727,0.0,47.00110586411009,2.094853175128419,0.0,0.0
6.980000000000666,17.540551459198987,16.028111308875403,SEGUINDO CHEIRO,0.6984067885694379,0.0,0.7025254655334061,0.6989102831512312,0.0,0.0,0.7445286838896902,1.037996942153199,0.0,0.0019331104634020728,0.0,47.22997588011616,1.6314732932096307,0.0,0.0
6.990000000000669,17.425681109388115,16.22306977342098,SEGUINDO CHEIRO,0.6982598292726108,0.0,0.6968287907456596,0.693268548390849,0.0,0.0,0.7384433063917911,1.0443174522687482,0.0,0.00177854748471458,0.0,58.578477753485366,1.2705926783117436,0.0,0.0
7.000000000000672,17.49254379882637,16.343564161666123,SEGUINDO CHEIRO,0.6981128558670816,0.0,0.690069500483246,0.6868570022714502,0.0,0.0,0.733774086736807,1.0492218271150895,0.0,0.0016363426794646812,0.0,45.62096434554525,0.9895385728339792,0.0,0.0
7.010000000000676,17.597469813569372,16.4346568623961,SEGUINDO CHEIRO,0.6979658683514959,0.0,0.6854565519520087,0.6825116310889224,0.0,0.0,0.7472314055114581,1.0359996861076692,0.0,0.0015055079426610607,0.0,45.38736060076936,0.7706534154024629,0.0,0.0
7.020000000000679,17.643624252593117,16.534508823446686,SEGUINDO CHEIRO,0.6978188667244991,0.0,0.6812566046611322,0.6783617117649209,0.0,0.0,0.7492041044153513,1.0342621875490472,0.0,0.0013851341738253928,0.0,46.24217505719221,0.6001854833920904,0.0,0.0
7.030000000000682,17.785161283907858,16.715323767482676,SEGUINDO CHEIRO,0.6976718509847364,0.0,0.6723671735698732,0.6692038429214261,0.0,0.0,0.7388784358377959,1.0448230790520832,0.0,0.001274384960140255,0.0,36.01344214546627,11.637682650135956,0.0,0.0
7.040000000000686,17.636089700407815,16.806630866348776,SEGUINDO CHEIRO,0.6975248211308529,0.0,0.6708617714689179,0.6672432186579942,0.0,0.0,0.710161283350803,1.0737754770469328,0.0,0.0011724907646646545,0.0,28.04729694398585,9.063436361062378,0.0,0.0
7.050000000000689,17.537365109947032,16.85870281508804,SEGUINDO CHEIRO,0.6973777771614937,0.0,0.6714273995150934,0.6673758371420214,0.0,0.0,0.7056024715971867,1.0785695568929496,0.0,0.0010787435792341796,0.0,21.84325682301239,7.058611335313218,0.0,0.0
7.060000000000692,17.46219708018056,16.951126323613178,SEGUINDO CHEIRO,0.6972307190753037,0.0,0.6694245407278959,0.6652922219220873,0.0,0.0,0.7213027780530826,1.0631045411161673,0.0,0.0009924920048916517,0.0,29.051789282401206,15.604519194641053,0.0,0.0
7.070000000000696,17.269371613893746,17.16306229835294,SEGUINDO CHEIRO,0.6970836468709276,0.0,0.6627660268383585,0.6588847277981285,0.0,0.0,0.7151424560641069,1.0695001763731378,0.0,0.0009131367256648231,0.0,22.62555624275949,12.152811768239212,0.0,0.0
7.080000000000699,17.318496559508617,17.357932382500785,SEGUINDO CHEIRO,0.6969365605470099,0.0,0.6539644933645414,0.6503246199460084,0.0,0.0,0.7052901655211249,1.0795878027751633,0.0,0.0008401263442408292,0.0,29.661044683096552,9.46461932162408,0.0,0.0
7.090000000000702,17.40073749515188,17.408480484573857,SEGUINDO CHEIRO,0.6967894601021949,0.0,0.6508995925916988,0.6476016477266351,0.0,0.0,0.7217879235714902,1.0633254031770611,0.0,0.0007729535506017269,0.0,23.100044825911514,7.371052939153579,0.0,0.0
7.100000000000706,17.462101565030657,17.490486636867,SEGUINDO CHEIRO,0.6966423455351273,0.0,0.646221775572512,0.6432246878632909,0.0,0.0,0.7313104938019441,1.0540382139942575,0.0,0.0007111515969990228,0.0,30.030576763213787,5.740581801073586,0.0,0.0
7.110000000000709,17.591313276205202,17.697451401479043,SEGUINDO CHEIRO,0.6964952168444513,0.0,0.6376318198997492,0.6341076852126496,0.0,0.0,0.7306955157259188,1.0548885957154892,0.0,0.0006542910547736744,0.0,34.558094424958924,4.47076960196156,0.0,0.0
7.120000000000712,17.473416445984892,17.831342939961598,SEGUINDO CHEIRO,0.6963480740288105,0.0,0.6332107901399525,0.6294333093870655,0.0,0.0,0.7272284912114745,1.058591046474867,0.0,0.0006019768304864478,0.0,26.91387099961355,3.481838866939494,0.0,0.0
7.130000000000716,17.3724374961874,17.84501912400987,SEGUINDO CHEIRO,0.6962009170868492,0.0,0.6350825404464208,0.6307932594426862,0.0,0.0,0.6987398461384376,1.087315140394733,0.0,0.0005538454206253192,0.0,42.74946996951943,2.7116588361009293,0.0,0.0
7.140000000000719,17.27863516858932,17.89723477210791,SEGUINDO CHEIRO,0.6960537460172113,0.0,0.6344222207812134,0.6298398848157607,0.0,0.0,0.6902565469295502,1.0960339110545154,0.0,0.0005095623858143533,0.0,43.65645453376199,2.1118420249778964,0.0,0.0
7.1500000000007224,17.10315401837462,18.107124711625076,SEGUINDO CHEIRO,0.6959065608185401,0.0,0.6275523667096818,0.6233459311852123,0.0,0.0,0.6912908163153338,1.0952351357258625,0.0,0.00046882002697368815,0.0,33.999680977015,1.6447042227758861,0.0,0.0
7.160000000000726,17.060683918670836,18.319375754625213,SEGUINDO CHEIRO,0.6957593614894795,0.0,0.6198628584455607,0.6157421576466149,0.0,0.0,0.6794627128995703,1.107298755807163,0.0,0.0004313352472835105,0.0,38.2219472551578,12.175360016387526,0.0,0.0
7.170000000000729,17.11544223405592,18.37955869362269,SEGUINDO CHEIRO,0.695612148028673,0.0,0.6158202636134438,0.6120460399055557,0.0,0.0,0.6811951807709656,1.1058018272118812,0.0,0.00039684758509595186,0.0,29.76728245283081,9.482179914938872,0.0,0.0
7.1800000000007325,17.198610876512067,18.496402351638235,SEGUINDO CHEIRO,0.6954649204347636,0.0,0.6094572844061701,0.60596104823874,0.0,0.0,0.6799767474634879,1.1072558224082196,0.0,0.0003651174041266656,0.0,34.35304060985442,7.384729142978337,0.0,0.0
7.190000000000736,17.257922661565463,18.65530872923106,SEGUINDO CHEIRO,0.6953176787063947,0.0,0.6040272407864582,0.6001811606102168,0.0,0.0,0.6530845607744962,1.13438359360099,0.0,0.0003359242283506962,0.0,36.8614420871408,5.7512328393217516,0.0,0.0
7.200000000000739,17.257645135300294,18.815454081318364,SEGUINDO CHEIRO,0.6951704228422092,0.0,0.5966637267243541,0.5927284374641599,0.0,0.0,0.6406521605278463,1.1470516009685086,0.0,0.00030906521003272344,0.0,40.74796372641584,4.479064638889757,0.0,0.0
7.2100000000007425,17.123400781549133,18.82257873895981,SEGUINDO CHEIRO,0.69502315284085,0.0,0.598670463118638,0.5941476099564537,0.0,0.0,0.6313037379832287,1.1566356532532551,0.0,0.0002843537202468459,0.0,44.079590044531535,3.48829904819478,0.0,0.0
7.220000000000746,17.00428248818922,18.877267967122407,SEGUINDO CHEIRO,0.6948758687009599,0.0,0.5985664855440841,0.5936564879215782,0.0,0.0,0.6074425133286445,1.1807325302694014,0.0,0.0002616180520921796,0.0,58.41723231606191,2.7166900303213293,0.0,0.0
7.230000000000749,16.886632527960415,19.042700242854988,SEGUINDO CHEIRO,0.6947285704211814,0.0,0.593256094440089,0.5885476663487031,0.0,0.0,0.6297548466373019,1.1586558719459097,0.0,0.00024070022759361325,0.0,45.49538627261317,2.115760322976529,0.0,0.0
7.2400000000007525,16.70931114994136,19.220895963113957,SEGUINDO CHEIRO,0.6945812580001571,0.0,0.5877176057378142,0.5830496247393644,0.0,0.0,0.6531446950528603,1.1355017211412926,0.0,0.0002214548999975108,0.0,57.88415360038328,1.6477557963255283,0.0,0.0
7.250000000000756,16.738442095922586,19.351845672317683,SEGUINDO CHEIRO,0.6944339314365294,0.0,0.5806762900889864,0.5762972221727907,0.0,0.0,0.673649633234335,1.1152325031987083,0.0,0.0002037483438350051,0.0,57.425268137237644,1.2832735044887669,0.0,0.0
7.260000000000759,16.820618631784427,19.463795502616758,SEGUINDO CHEIRO,0.6942865907289406,0.0,0.5754885643965536,0.5713783350609495,0.0,0.0,0.6930872505598189,1.0960306287422346,0.0,0.00018745752573537137,0.0,44.722843793366046,0.9994144101906373,0.0,0.0
7.2700000000007625,16.829903507158093,19.557594357850412,SEGUINDO CHEIRO,0.694139235876033,0.0,0.5719351848797077,0.5677951570418628,0.0,0.0,0.6748836055568285,1.1144700392465288,0.0,0.00017246924953306106,0.0,34.83018576745357,0.778344725269314,0.0,0.0
7.280000000000766,16.928927095862132,19.765093659812237,SEGUINDO CHEIRO,0.6939918668764484,0.0,0.5623632059078603,0.5580234164449074,0.0,0.0,0.6810251009176848,1.1085643320214416,0.0,0.0001586793697282039,0.0,37.23304310951776,0.6061754815392388,0.0,0.0
7.290000000000769,16.74981839721596,19.798931377538615,SEGUINDO CHEIRO,0.6938444837288285,0.0,0.5630073929503587,0.5581204703308216,0.0,0.0,0.6617585967611068,1.1280666469504281,0.0,0.0001459920678353353,0.0,52.20762461931525,0.47208993970144486,0.0,0.0
7.3000000000007725,16.64204607820811,19.819948193876865,SEGUINDO CHEIRO,0.6936970864318153,0.0,0.5644912630223646,0.5591501097061796,0.0,0.0,0.6489191282657907,1.1411419488569643,0.0,0.00013431918659208552,0.0,40.65933893582065,0.3676640147196173,0.0,0.0
7.310000000000776,16.54297470542044,19.887041502776892,SEGUINDO CHEIRO,0.6935496749840501,0.0,0.5633154187996938,0.5579154474455839,0.0,0.0,0.6336286937157722,1.156668239459189,0.0,0.00012357961740160216,0.0,43.40849408846334,0.2863370225708143,0.0,0.0
7.320000000000779,16.29044073869556,20.049988032077216,SEGUINDO CHEIRO,0.6934022493841747,0.0,0.5577148697598178,0.5525092442160133,0.0,0.0,0.6368324974999009,1.1537003143704254,0.0,0.00011369873675237281,0.0,44.16970303365845,0.22299949740048455,0.0,0.0
7.330000000000783,16.27034370921032,20.253631349666108,SEGUINDO CHEIRO,0.6932548096308304,0.0,0.5488081913115487,0.543864433618215,0.0,0.0,0.6455908879927637,1.1451778252182607,0.0,0.00010460788769943037,0.0,34.39939931064459,0.17367218320002695,0.0,0.0
7.340000000000786,16.33890825864831,20.323915920746792,SEGUINDO CHEIRO,0.6931073557226582,0.0,0.5454205323435638,0.5407227394217953,0.0,0.0,0.6517259941433982,1.1392786430558317,0.0,9.624390280403241e-05,0.0,37.1534129659287,0.1352560322739014,0.0,0.0
7.350000000000789,16.368893312869297,20.411806564898995,SEGUINDO CHEIRO,0.6929598876582992,0.0,0.5405570434577595,0.5361607940081807,0.0,0.0,0.6607495568776681,1.1304910269594484,0.0,8.85486652169775e-05,0.0,28.93510711164054,0.10533750385004553,0.0,0.0
7.360000000000793,16.437003695572457,20.637560331208462,SEGUINDO CHEIRO,0.6928124054363944,0.0,0.532339788892271,0.5274489566788421,0.0,0.0,0.6303982317940487,1.16107832133281,0.0,8.146870485576199e-05,0.0,22.534684076800616,0.08203693048520254,0.0,0.0
7.370000000000796,16.273098439764,20.70600990470435,SEGUINDO CHEIRO,0.6926649090555848,0.0,0.530191697855696,0.5250042545614535,0.0,0.0,0.6361021825104242,1.1556103625602074,0.0,7.495482686962866e-05,0.0,29.003063751575713,0.0638904257026501,0.0,0.0
7.380000000000799,16.172395509092855,20.687736810551318,SEGUINDO CHEIRO,0.6925173985145108,0.0,0.5331649927090426,0.5274536200876677,0.0,0.0,0.6125316653275005,1.1794168943431096,0.0,6.896176981090978e-05,0.0,22.58760876119704,0.04975791356798929,0.0,0.0
7.390000000000803,16.065217672763342,20.695094421469847,SEGUINDO CHEIRO,0.6923698738118131,0.0,0.534140429034358,0.5281661309644261,0.0,0.0,0.6104407825630608,1.1817438143659074,0.0,6.344789113748061e-05,0.0,28.21672521885602,0.038751502050749315,0.0,0.0
7.400000000000806,15.825457073565381,20.861316256385393,SEGUINDO CHEIRO,0.6922223349461323,0.0,0.5279143415853397,0.5222664197620951,0.0,0.0,0.586079500835302,1.2063411560125807,0.0,5.8374877861048394e-05,0.0,44.17796952597551,0.030179700142316697,0.0,0.0
7.410000000000809,15.70684658777097,21.057050542475775,SEGUINDO CHEIRO,0.6920747819161082,0.0,0.5211041660431263,0.5155666978907045,0.0,0.0,0.5916406481391114,1.201016091290417,0.0,5.370748033072651e-05,0.0,46.75088124716807,0.023503974103696416,0.0,0.0
7.420000000000813,15.736623572617631,21.12627378089879,SEGUINDO CHEIRO,0.6919272147203815,0.0,0.5171836840946816,0.5118823921181197,0.0,0.0,0.5918674825780259,1.2010253620980549,0.0,4.9413267302099166e-05,0.0,58.30758453236819,10.381438759050019,0.0,0.0
7.430000000000816,15.77609554196822,21.259299953153842,SEGUINDO CHEIRO,0.6917796333575918,0.0,0.5106153579385786,0.5055668310032352,0.0,0.0,0.6007460861647934,1.1923828864249226,0.0,4.546240058988211e-05,0.0,45.40999249281046,8.085072634955983,0.0,0.0
7.440000000000819,15.777946481197816,21.41461117214542,SEGUINDO CHEIRO,0.6916320378263796,0.0,0.506200580748594,0.5007569258875976,0.0,0.0,0.5868389445391088,1.2065261786335015,0.0,4.182742773836189e-05,0.0,45.990815540592614,6.2966608992929025,0.0,0.0
7.450000000000823,15.715196876974888,21.53571218490912,SEGUINDO CHEIRO,0.6914844281253841,0.0,0.5002336154046281,0.4947834061321834,0.0,0.0,0.5845814588575589,1.209019837569381,0.0,3.848309126899148e-05,0.0,46.98794088278815,4.903844439104406,0.0,0.0
7.460000000000826,15.587319222597712,21.497726909682193,SEGUINDO CHEIRO,0.6913368042532452,0.0,0.503987951939732,0.49793065409007214,0.0,0.0,0.5843312639324331,1.2095062284224483,0.0,3.5406153179706095e-05,0.0,36.59424515442827,3.8191178892348634,0.0,0.0
7.470000000000829,15.456284631839118,21.495783510982765,SEGUINDO CHEIRO,0.6911891662086023,0.0,0.5056053447175772,0.4992226069178457,0.0,0.0,0.5758424703563255,1.2182312406022857,0.0,3.257523347649884e-05,0.0,38.35734462616178,2.9743320027781204,0.0,0.0
7.480000000000833,15.276978438469301,21.605860512891642,SEGUINDO CHEIRO,0.6910415139900947,0.0,0.5018612550157948,0.49563396595355164,0.0,0.0,0.5766569445188601,1.217653007721447,0.0,2.9970661615298913e-05,0.0,39.979997190696956,2.316412092877938,0.0,0.0
7.490000000000836,15.040438182260868,21.715745652745703,SEGUINDO CHEIRO,0.690893847596362,0.0,0.4987468584548845,0.4925295843383081,0.0,0.0,0.5739490224985002,1.2205971937036453,0.0,2.7574339821901217e-05,0.0,41.243720278609764,1.8040235518494092,0.0,0.0
7.500000000000839,15.014088278376326,21.849017646370655,SEGUINDO CHEIRO,0.690746167026043,0.0,0.4918469332954953,0.48592895843827905,0.0,0.0,0.5889696568226039,1.2058128460236999,0.0,2.5369617340231148e-05,0.0,32.12064164975924,1.4049749548595762,0.0,0.0
7.510000000000843,15.04607915469765,21.98133498171372,SEGUINDO CHEIRO,0.6905984722777767,0.0,0.4863502785234577,0.4806139426590727,0.0,0.0,0.5991912095518231,1.1958276026231371,0.0,2.3341174735162892e-05,0.0,25.015580869588465,1.094195595040349,0.0,0.0
7.520000000000846,15.02446334235117,22.068643825412153,SEGUINDO CHEIRO,0.6904507633502021,0.0,0.48324097907077934,0.47743243335301794,0.0,0.0,0.566543888036054,1.2287112561542386,0.0,2.1474917445973695e-05,0.0,41.002094877915596,0.8521603862507052,0.0,0.0
7.530000000000849,15.038444698956567,22.267917495592208,SEGUINDO CHEIRO,0.6903030402419578,0.0,0.47451013942368736,0.468682541029025,0.0,0.0,0.5705603344541713,1.2249311644403071,0.0,1.9757877850793905e-05,0.0,43.67543268456928,12.703906939923835,0.0,0.0
7.540000000000853,14.862965264663634,22.22090338658267,SEGUINDO CHEIRO,0.6901553029516825,0.0,0.47812901598445345,0.4717065838136722,0.0,0.0,0.5454018547984616,1.2503260214912342,0.0,1.817812516155135e-05,0.0,45.75743026180555,9.893812672878934,0.0,0.0
7.550000000000856,14.7487962301582,22.186611515744907,SEGUINDO CHEIRO,0.6900075514780145,0.0,0.4813719565404488,0.4745661532396031,0.0,0.0,0.5189273847303338,1.2770368916477897,0.0,1.6724682523318087e-05,0.0,46.261400347154584,7.705309057199897,0.0,0.0
7.560000000000859,14.622728720730262,22.202182804802508,SEGUINDO CHEIRO,0.6898597858195925,0.0,0.4820157627544751,0.4751241920878549,0.0,0.0,0.506945033827236,1.289255665334704,0.0,1.5387450742027463e-05,0.0,46.135681975646165,6.000900727554465,0.0,0.0
7.570000000000863,14.301710365964308,22.270149108543496,SEGUINDO CHEIRO,0.6897120059750543,0.0,0.47893270826340506,0.47217341568513044,0.0,0.0,0.5137034486587844,1.2827336959845401,0.0,1.4157138110586203e-05,0.0,58.55379712214529,4.673506185753178,0.0,0.0
7.580000000000866,14.19451212168066,22.453480197787872,SEGUINDO CHEIRO,0.689564211943038,0.0,0.4709913595339769,0.4644796110866794,0.0,0.0,0.5127853086520907,1.2838883041723654,0.0,1.3025195845780768e-05,0.0,45.6017430505309,3.6397302771536273,0.0,0.0
7.590000000000869,14.21768512789718,22.540123057947277,SEGUINDO CHEIRO,0.6894164037221816,0.0,0.46745986165919706,0.46105933493654916,0.0,0.0,0.5154764432779124,1.2814336604296013,0.0,1.1983758687363656e-05,0.0,35.51467319717443,2.8346247900159454,0.0,0.0
7.600000000000873,14.209600875630697,22.628500319322544,SEGUINDO CHEIRO,0.6892685813111232,0.0,0.4627543839660711,0.45656179280252734,0.0,0.0,0.49673536888297826,1.3004112484116985,0.0,1.1025590246574563e-05,0.0,27.658855296484468,2.2076080061780337,0.0,0.0
7.610000000000876,14.18598978033247,22.837423744420562,SEGUINDO CHEIRO,0.6891207447085003,0.0,0.45611115167695526,0.4495472498099462,0.0,0.0,0.4727317936544106,1.3246513599337146,0.0,1.0144032724352469e-05,0.0,32.16621599168601,1.719286843926154,0.0,0.0
7.620000000000879,14.014040537935205,22.797995420274294,SEGUINDO CHEIRO,0.6889728939129504,0.0,0.45759071760135195,0.45073721995729477,0.0,0.0,0.482104694375081,1.3155150182149575,0.0,9.332960649857566e-06,0.0,25.051074202769005,1.3389819403740524,0.0,0.0
7.630000000000883,13.930297300199324,22.722226959562395,SEGUINDO CHEIRO,0.6888250289231108,0.0,0.4626630820767892,0.4553579396788525,0.0,0.0,0.487452044868306,1.3104042494342913,0.0,8.586738317856714e-06,0.0,40.49840787943437,1.0428001836817804,0.0,0.0
7.640000000000886,13.824916843931636,22.663450345650233,SEGUINDO CHEIRO,0.6886771497376191,0.0,0.4662511993334233,0.4587355999822024,0.0,0.0,0.5041884642807571,1.2939044344472246,0.0,7.90018062922766e-06,0.0,43.88523575548233,0.812133599638375,0.0,0.0
7.650000000000889,13.483648763910896,22.73185287499848,SEGUINDO CHEIRO,0.6885292563551123,0.0,0.46197308236969964,0.4546593187792962,0.0,0.0,0.512179784896528,1.2861497409718439,0.0,7.268517062483682e-06,0.0,34.17785597164284,0.632490283356965,0.0,0.0
7.660000000000893,13.289312100782682,22.845183140406597,SEGUINDO CHEIRO,0.6883813487742274,0.0,0.458063712119005,0.45087700367930106,0.0,0.0,0.5136001774737503,1.2849659982521988,0.0,6.687358525976049e-06,0.0,37.51220407418594,0.49258392796345885,0.0,0.0
7.670000000000896,13.283005285898298,22.92227218074996,SEGUINDO CHEIRO,0.6882334269936013,0.0,0.4543684093442759,0.4472642994766645,0.0,0.0,0.4893118704838026,1.3094909778190913,0.0,6.152666860448048e-06,0.0,40.10899698747915,0.38362474882632996,0.0,0.0
7.680000000000899,13.247192868826852,23.04887110813283,SEGUINDO CHEIRO,0.6880854910118707,0.0,0.4481990328561167,0.4412564493935373,0.0,0.0,0.5250183867398236,1.2740211568615647,0.0,5.6607267800301595e-06,0.0,31.23691826205736,0.2987672547915166,0.0,0.0
7.690000000000903,13.178518901282324,23.17008195563253,SEGUINDO CHEIRO,0.6879375408276722,0.0,0.4460153559106126,0.43867375315304014,0.0,0.0,0.530980619016497,1.268295642607116,0.0,5.2081200567093825e-06,0.0,24.327336403227726,0.23268017198772697,0.0,0.0
7.700000000000906,13.068315902200293,23.227110210097504,SEGUINDO CHEIRO,0.6877895764396426,0.0,0.44159812878184274,0.43431837510645904,0.0,0.0,0.5167436442789926,1.2827693580927566,0.0,4.791701768894423e-06,0.0,39.42934431278658,0.18121150014923085,0.0,0.0
7.7100000000009095,12.991840199072927,23.123504726791044,SEGUINDO CHEIRO,0.6876415978464179,0.0,0.4479150886490029,0.4401872046610351,0.0,0.0,0.5138675867922985,1.2858821790556805,0.0,4.408578449040763e-06,0.0,30.707604226790224,0.14112765821776493,0.0,0.0
7.720000000000913,12.866147367561464,23.02476357090504,SEGUINDO CHEIRO,0.6874936050466348,0.0,0.4529230861545614,0.44495595628046,0.0,0.0,0.5264353155036018,1.2735512365508825,0.0,4.05608797849516e-06,0.0,35.95534998188035,11.562944477029712,0.0,0.0
7.730000000000916,12.604455599372034,23.057735907177364,SEGUINDO CHEIRO,0.687345598038929,0.0,0.45089818979276763,0.4430740501273889,0.0,0.0,0.521693990493789,1.2785293704996588,0.0,3.7317810898596143e-06,0.0,28.002054721494833,9.005230213321912,0.0,0.0
7.7400000000009195,12.318333656348248,23.027072116616903,SEGUINDO CHEIRO,0.6871975768219367,0.0,0.45123546859258806,0.443506578854649,0.0,0.0,0.5228674620340643,1.2775927306329873,0.0,3.433404348344667e-06,0.0,21.80802214470849,7.013280341873376,0.0,0.0
7.750000000000923,12.246399475322654,23.134466737179817,SEGUINDO CHEIRO,0.6870495413942936,0.0,0.44648685025187196,0.4387231481413862,0.0,0.0,0.5222615671446639,1.2784354799328146,0.0,3.1588844938585428e-06,0.0,28.154362449219608,5.461948222150271,0.0,0.0
7.760000000000926,12.186611751111915,23.246101161257172,SEGUINDO CHEIRO,0.6869014917546357,0.0,0.4411698750158744,0.4335471001305395,0.0,0.0,0.5142699907171636,1.2866639335097465,0.0,2.906314035033729e-06,0.0,21.926639522328376,4.253769552506097,0.0,0.0
7.7700000000009295,12.128458275175317,23.281680064540808,SEGUINDO CHEIRO,0.6867534279015981,0.0,0.43994744274795344,0.43220355013138145,0.0,0.0,0.48784031715247733,1.3133305069650543,0.0,2.6739379950915945e-06,0.0,40.56242220227491,3.3128390584970453,0.0,0.0
7.780000000000933,12.024464636575113,23.458711764228124,SEGUINDO CHEIRO,0.6866053498338167,0.0,0.43239017375819805,0.4246257214093401,0.0,0.0,0.47409179012885827,1.3273159566226662,0.0,2.4601417174491523e-06,0.0,31.590046174404623,12.9431754985598,0.0,0.0
7.790000000000936,11.928640123759502,23.314634219625358,SEGUINDO CHEIRO,0.6864572575499266,0.0,0.43937725435622393,0.43129077150085043,0.0,0.0,0.4828324683240197,1.3188122238070532,0.0,2.2634396463356836e-06,0.0,24.602352697888143,10.080155213708988,0.0,0.0
7.8000000000009395,11.854583628502253,23.203103313709654,SEGUINDO CHEIRO,0.6863091510485632,0.0,0.44509471226050906,0.4368129959980574,0.0,0.0,0.4935878350982411,1.3082938251601195,0.0,2.082465004461716e-06,0.0,29.78580937443941,7.850432773917862,0.0,0.0
7.810000000000943,11.73210156854972,23.141188971256845,SEGUINDO CHEIRO,0.6861610303283612,0.0,0.447562740341745,0.4392441374855183,0.0,0.0,0.5044224498919426,1.2976962012436286,0.0,1.915960296016031e-06,0.0,33.30447882453141,6.113923191776649,0.0,0.0
7.820000000000946,11.419945499150579,22.99967898134723,SEGUINDO CHEIRO,0.6860128953879558,0.0,0.4512678116927859,0.4429991519175402,0.0,0.0,0.5196981670513567,1.282657497713532,0.0,1.7627685690010943e-06,0.0,47.73328974193741,4.761528169394073,0.0,0.0
7.8300000000009495,11.221970714683772,23.06273779470412,SEGUINDO CHEIRO,0.6858647462259818,0.0,0.44761653436918597,0.43944891428088173,0.0,0.0,0.5182789799702446,1.2843137211782534,0.0,1.6218253761935816e-06,0.0,47.53785727520786,3.7082818669406556,0.0,0.0
7.840000000000953,11.198547186457123,23.159675277940757,SEGUINDO CHEIRO,0.6857165828410738,0.0,0.4432545144851335,0.4350915249395767,0.0,0.0,0.513669246644176,1.289160513644407,0.0,1.492151378871006e-06,0.0,37.02252047146854,2.8880128218228722,0.0,0.0
7.850000000000956,11.142466791830932,23.216000317455652,SEGUINDO CHEIRO,0.6855684052318665,0.0,0.4393536819616952,0.43128254018264484,0.0,0.0,0.5196199357208515,1.283446906466477,0.0,1.372845541911712e-06,0.0,51.739236227050164,2.2491866471559097,0.0,0.0
7.8600000000009596,10.983824721364451,23.363279868451123,SEGUINDO CHEIRO,0.6854202133969941,0.0,0.4353963958810221,0.42714205059695615,0.0,0.0,0.5223211793032442,1.2809827675436756,0.0,1.2630788729846375e-06,0.0,40.29455768914305,1.7516683220787688,0.0,0.0
7.870000000000963,10.876317165025132,23.22602505665617,SEGUINDO CHEIRO,0.685272007335091,0.0,0.4393103802094667,0.43097410169212347,0.0,0.0,0.5262262417288023,1.2773148325407395,0.0,1.1620886623258163e-06,0.0,42.27589616158931,1.3642006609163182,0.0,0.0
7.880000000000966,10.857915301342409,23.11674576522347,SEGUINDO CHEIRO,0.6851237870447914,0.0,0.445525583375413,0.4370696142225685,0.0,0.0,0.5353308223989492,1.26844740205843,0.0,1.0691731830769291e-06,0.0,32.92450103569113,1.0624405429881563,0.0,0.0
7.89000000000097,10.814947479827751,23.010741024522208,SEGUINDO CHEIRO,0.6849755525247292,0.0,0.45068235288495523,0.4421856403280702,0.0,0.0,0.5533928846044505,1.2506225128081676,0.0,9.836868153613836e-07,0.0,36.81188491451363,0.8274295268459845,0.0,0.0
7.900000000000973,10.53734949451248,22.839457301273512,SEGUINDO CHEIRO,0.6848273037735382,0.0,0.4540821581157042,0.4456134969464168,0.0,0.0,0.5500933378498898,1.2541592552875553,0.0,9.050355602177477e-07,0.0,50.18906570545168,0.6444027634440544,0.0,0.0
7.910000000000976,10.3093908679927,22.800870803442542,SEGUINDO CHEIRO,0.6846790407898523,0.0,0.45470253963441604,0.4463094097366633,0.0,0.0,0.554825797794246,1.2496640138397985,0.0,8.326729122192594e-07,0.0,50.25754139871004,0.5018613767836065,0.0,0.0
7.92000000000098,10.261318186633755,22.856788265531844,SEGUINDO CHEIRO,0.684530763572305,0.0,0.45178098397553285,0.4433462843749571,0.0,0.0,0.5820047854515671,1.222722267453037,0.0,7.660960621004626e-07,0.0,39.1406125965589,0.39085003323236583,0.0,0.0
7.930000000000983,10.15447175069398,22.935497158918295,SEGUINDO CHEIRO,0.68438247211953,0.0,0.4466476826190463,0.43823372752643097,0.0,0.0,0.5713123305871072,1.233651986364202,0.0,7.048424030050499e-07,0.0,40.340457584080646,0.304394311944851,0.0,0.0
7.940000000000986,10.026553849130499,22.970485098422074,SEGUINDO CHEIRO,0.6842341664301606,0.0,0.4466460952966604,0.4381742035638825,0.0,0.0,0.5886456150597624,1.2165559887165847,0.0,6.484863160787068e-07,0.0,31.41717995594079,11.13152560827395,0.0,0.0
7.95000000000099,9.887196867239876,22.95682863059815,SEGUINDO CHEIRO,0.6840858465028297,0.0,0.44360398207584917,0.4351573518497918,0.0,0.0,0.5894597118954757,1.2159792014864281,0.0,5.966362130717601e-07,0.0,34.83085819719469,8.669240860503143,0.0,0.0
7.960000000000993,9.894281853171835,22.824256938635507,SEGUINDO CHEIRO,0.6839375123361707,0.0,0.45145627178363235,0.44298322704941206,0.0,0.0,0.5681369007918561,1.2375393449783112,0.0,5.489318154022637e-07,0.0,47.85256733024981,6.751611570794463,0.0,0.0
7.970000000000996,9.856591056980688,22.69748056285704,SEGUINDO CHEIRO,0.6837891639288166,0.0,0.4570293941504609,0.44857371770889937,0.0,0.0,0.5698962021207965,1.2360173988225278,0.0,5.050416507731876e-07,0.0,37.26761690877566,5.258160378328681,0.0,0.0
7.980000000001,9.695573806297904,22.54836591443449,SEGUINDO CHEIRO,0.6836408012794001,0.0,0.460690868579729,0.45220763477160103,0.0,0.0,0.5760503080562396,1.2301006708473228,0.0,4.6466074994904456e-07,0.0,39.13131639106202,16.440103405991103,0.0,0.0
7.990000000001003,9.516076606832764,22.36565855209488,SEGUINDO CHEIRO,0.683492424386554,0.0,0.467127931062201,0.4586852100475422,0.0,0.0,0.5892740971394526,1.2171142825136165,0.0,4.2750852768809113e-07,0.0,42.21846893405456,12.803565406360734,0.0,0.0
8.000000000001005,9.384362532650943,22.379748033192527,SEGUINDO CHEIRO,0.6833440332489107,0.0,0.46470470912316414,0.4562594289385019,0.0,0.0,0.5878438071273961,1.2187819960666357,0.0,3.9332683310583363e-07,0.0,32.87977666591746,9.971426764579684,0.0,0.0
8.010000000001,9.270332544904834,22.45068059177281,SEGUINDO CHEIRO,0.683195627865103,0.0,0.45989608043392377,0.4513732447833937,0.0,0.0,0.5814700429935123,1.2253932065351276,0.0,3.618781559228623e-07,0.0,37.059829960926095,7.765754972593817,0.0,0.0
8.020000000000994,9.189767245023479,22.44542871187825,SEGUINDO CHEIRO,0.6830472082337629,0.0,0.4592797583147744,0.4507520159549265,0.0,0.0,0.5782438630118079,1.2288568556472725,0.0,3.329439761331888e-07,0.0,28.862224594062333,6.0479760537967175,0.0,0.0
8.030000000000989,8.995979797940391,22.522495741167088,SEGUINDO CHEIRO,0.6828987743535225,0.0,0.4537104584773449,0.4452359590195976,0.0,0.0,0.5784651226116416,1.2288730879759007,0.0,3.063232456258191e-07,0.0,32.585190274340924,4.710168486693985,0.0,0.0
8.040000000000983,8.995861586277147,22.337133830133368,SEGUINDO CHEIRO,0.682750326223014,0.0,0.4627286592425833,0.454305307087606,0.0,0.0,0.5928917298046706,1.214683995511544,0.0,2.8183099120916115e-07,0.0,25.377371702187425,3.6682829058355275,0.0,0.0
8.050000000000978,8.992536104123737,22.220277549595874,SEGUINDO CHEIRO,0.6826018638408694,0.0,0.4683760293429654,0.4600573154625273,0.0,0.0,0.607526600800098,1.2002866620471875,0.0,2.5929702933143464e-07,0.0,42.66998524655103,2.8568615995921562,0.0,0.0
8.060000000000972,8.935039089732083,22.102145062773303,SEGUINDO CHEIRO,0.6824533872057205,0.0,0.4724988175377016,0.46419193055929275,0.0,0.0,0.619074643151889,1.1889761800310557,0.0,2.385647835663622e-07,0.0,44.401675649341335,2.224926050888996,0.0,0.0
8.070000000000967,8.79049349800059,21.826463795455656,SEGUINDO CHEIRO,0.6823048963161986,0.0,0.48120387819868604,0.472895279055793,0.0,0.0,0.6274900763482218,1.1807983299771598,0.0,2.1949019664748494e-07,0.0,34.580059765389535,1.7327741507083183,0.0,0.0
8.080000000000961,8.58920515510372,21.772498723101766,SEGUINDO CHEIRO,0.6821563911709355,0.0,0.4806245614478468,0.47230484665886974,0.0,0.0,0.6000105949281013,1.208515417348684,0.0,2.019407294914103e-07,0.0,26.930977623941335,1.3494858654575261,0.0,0.0
8.090000000000956,8.511799648793726,21.830158731566094,SEGUINDO CHEIRO,0.6820078717685627,0.0,0.47696490459865126,0.4684979150523481,0.0,0.0,0.5851757494866803,1.2235878915526657,0.0,1.8579444025474313e-07,0.0,43.03858726785491,1.0509806487621134,0.0,0.0
8.10000000000095,8.424242476417694,21.84856947863177,SEGUINDO CHEIRO,0.6818593381077113,0.0,0.4735940965274223,0.46506062031427287,0.0,0.0,0.6157241703058444,1.1932771223094085,0.0,1.7093913702555794e-07,0.0,55.72124729631218,0.8185045522488263,0.0,0.0
8.110000000000944,8.202343346823506,21.887243606898373,SEGUINDO CHEIRO,0.6817107901870123,0.0,0.47078903582964116,0.46235255063740127,0.0,0.0,0.6258082412135331,1.1834307257931638,0.0,1.5727159826192112e-07,0.0,43.3957510280833,0.6374519862388953,0.0,0.0
8.120000000000939,8.163816607773718,21.709039339443002,SEGUINDO CHEIRO,0.681562228005097,0.0,0.4766683457320488,0.4682851451805012,0.0,0.0,0.6243915496985658,1.1850851145173025,0.0,1.446968555607073e-07,0.0,54.798375121714216,0.49644810605327383,0.0,0.0
8.130000000000933,8.202213923879764,21.612007998538278,SEGUINDO CHEIRO,0.6814136515605961,0.0,0.4825922080083122,0.4744100711026631,0.0,0.0,0.6142892020105862,1.1954251822343716,0.0,1.331275337730547e-07,0.0,42.677017455831596,0.38663417374860526,0.0,0.0
8.140000000000928,8.211014250348708,21.505495604127365,SEGUINDO CHEIRO,0.6812650608521403,0.0,0.4878788173422062,0.47980646865544696,0.0,0.0,0.6392575973084481,1.1706945297877074,0.0,1.224832438812756e-07,0.0,56.17160145733181,0.30111099727757923,0.0,0.0
8.150000000000922,8.09343280934368,21.23589741857882,SEGUINDO CHEIRO,0.6811164558783603,0.0,0.49512985042767976,0.4869689129141707,0.0,0.0,0.6327135138224644,1.1774763789491884,0.0,1.1269002441864887e-07,0.0,56.091531187178546,0.23450548047119024,0.0,0.0
8.160000000000917,7.917267333161992,21.086371778117094,SEGUINDO CHEIRO,0.6809678366378865,0.0,0.4991685674495916,0.4910201844728565,0.0,0.0,0.6241888996172688,1.1862387816563726,0.0,1.0367982755081996e-07,0.0,54.85438613793087,0.18263305182549888,0.0,0.0
8.170000000000911,7.842851951319786,21.1059643240761,SEGUINDO CHEIRO,0.6808192031293492,0.0,0.4968495965278143,0.4885310097068896,0.0,0.0,0.6094589839222361,1.201206508682076,0.0,9.539004624786334e-08,0.0,52.827906038424175,0.14223476377641897,0.0,0.0
8.180000000000906,7.705208413300438,21.12591899896759,SEGUINDO CHEIRO,0.6806705553513788,0.0,0.49278101693898935,0.4843228830843313,0.0,0.0,0.6090822336039975,1.2018210931618596,0.0,8.77630792615795e-08,0.0,62.14414482981857,0.11077254540905132,0.0,0.0
8.1900000000009,7.546438280034277,21.10344494615494,SEGUINDO CHEIRO,0.680521893302605,0.0,0.49241499109362463,0.4840622732543717,0.0,0.0,0.6206544975185806,1.1904866862418872,0.0,8.074593088528682e-08,0.0,48.39790865676547,0.08626974510738189,0.0,0.0
8.200000000000895,7.43948454274752,21.020030255268864,SEGUINDO CHEIRO,0.680373216981658,0.0,0.49195597461897045,0.4836040480850186,0.0,0.0,0.6062820602506451,1.2050970033396915,0.0,7.42898427150535e-08,0.0,50.03737314674095,0.06718694504499949,0.0,0.0
8.210000000000889,7.49400489520178,20.89923181097099,SEGUINDO CHEIRO,0.6802245263871677,0.0,0.4996472952885413,0.49155430615848833,0.0,0.0,0.6122254587248585,1.199391507532797,0.0,6.834995485367589e-08,0.0,51.00938915332727,0.05232524541322102,0.0,0.0
8.220000000000883,7.514457284900155,20.76653957646679,SEGUINDO CHEIRO,0.6800758215177635,0.0,0.5058886107457641,0.4979846302048729,0.0,0.0,0.6231270571069844,1.188727834657633,0.0,6.288499420329093e-08,0.0,39.72615221660528,0.04075094210221994,0.0,0.0
8.230000000000878,7.438573885619283,20.571658197542597,SEGUINDO CHEIRO,0.6799271023720752,0.0,0.5110672555569994,0.5030810003212262,0.0,0.0,0.6123019326284228,1.1997909074849917,0.0,5.7856987680735186e-08,0.0,41.30189230031877,0.03173686562010635,0.0,0.0
8.240000000000872,7.366880040661618,20.319927202597743,SEGUINDO CHEIRO,0.6797783689487321,0.0,0.5206215888029899,0.5127301196597566,0.0,0.0,0.6384835392442271,1.173847272062013,0.0,5.3230998362937976e-08,0.0,43.33620379150118,0.024716695797170757,0.0,0.0
8.250000000000867,7.236622593012709,20.277399767820683,SEGUINDO CHEIRO,0.6796296212463635,0.0,0.519397686421189,0.5113230210568787,0.0,0.0,0.6300381913339438,1.1825306140113434,0.0,4.8974882728963737e-08,0.0,33.75026944816308,0.019249382041774274,0.0,0.0
8.260000000000861,7.098885472831694,20.286729784052643,SEGUINDO CHEIRO,0.6794808592635986,0.0,0.5157015817643432,0.507417404431115,0.0,0.0,0.6136187183400567,1.199188103892692,0.0,4.50590673119092e-08,0.0,26.284736275100304,12.05523519761713,0.0,0.0
8.270000000000856,7.010851904601606,20.247535756713635,SEGUINDO CHEIRO,0.6793320829990664,0.0,0.5154567167388207,0.5071819357474057,0.0,0.0,0.6064590560495826,1.2065858059212362,0.0,4.1456343208728775e-08,0.0,31.096051021798715,9.388626612014177,0.0,0.0
8.28000000000085,6.805299197693831,20.228680334520654,SEGUINDO CHEIRO,0.6791832924513959,0.0,0.5116857999035985,0.5034227573980631,0.0,0.0,0.6120226242209771,1.2012603003407138,0.0,3.8141677020147186e-08,0.0,24.217628886205183,17.419136916704094,0.0,0.0
8.290000000000845,6.874444181251277,20.0605884676414,SEGUINDO CHEIRO,0.6790344876192156,0.0,0.5211140424417455,0.5131719728045836,0.0,0.0,0.6224330834268493,1.1910879265807095,0.0,3.509203690698202e-08,0.0,18.86070834070926,13.566037471157156,0.0,0.0
8.30000000000084,6.919241221958979,19.946214606950683,SEGUINDO CHEIRO,0.6788856685011542,0.0,0.527049010243175,0.5194020975101495,0.0,0.0,0.6505349499195109,1.1632241683911064,0.0,3.228623255423487e-08,0.0,27.033778410859426,10.565240605713205,0.0,0.0
8.310000000000834,6.918859660526241,19.818041183384285,SEGUINDO CHEIRO,0.6787368350958404,0.0,0.5318605214674961,0.5242828528060729,0.0,0.0,0.6501180789722972,1.1638791705007632,0.0,2.970476793094723e-08,0.0,42.87009578766559,8.228217657067242,0.0,0.0
8.320000000000828,6.907562300510933,19.495716970280228,SEGUINDO CHEIRO,0.6785879874019023,0.0,0.5436154747425679,0.5360661784333692,0.0,0.0,0.6355425893860324,1.1786928141110506,0.0,2.732970582272824e-08,0.0,45.73230815561376,6.408142354605924,0.0,0.0
8.330000000000823,6.737402982529749,19.371854918838903,SEGUINDO CHEIRO,0.6784391254179684,0.0,0.5447664756827828,0.5370542778045954,0.0,0.0,0.6233312617632483,1.1911423186216306,0.0,2.5144543195663616e-08,0.0,45.97949124886753,4.9906662838001274,0.0,0.0
8.340000000000817,6.644735937772878,19.382562855486693,SEGUINDO CHEIRO,0.6782902491426666,0.0,0.5420055566537886,0.5340326549089789,0.0,0.0,0.6239458184217572,1.190765961716887,0.0,2.3134096525576064e-08,0.0,46.17199763545559,3.8867348098715957,0.0,0.0
8.350000000000811,6.551827578695475,19.35976075908794,SEGUINDO CHEIRO,0.6781413585746249,0.0,0.5397513396056185,0.5315875876672765,0.0,0.0,0.5940501985865129,1.2208998041740609,0.0,2.1284396295851894e-08,0.0,35.95878791446384,3.026992113518885,0.0,0.0
8.360000000000806,6.3277534222974925,19.298171980736168,SEGUINDO CHEIRO,0.6779924537124712,0.0,0.5386688351733252,0.5306959961107922,0.0,0.0,0.5989346899405716,1.216253558312291,0.0,1.9582589930755598e-08,0.0,49.605419116149676,2.3574238283594733,0.0,0.0
8.3700000000008,6.373287755345168,19.129049975649053,SEGUINDO CHEIRO,0.6778435345548333,0.0,0.5456522976738751,0.537921716884652,0.0,0.0,0.6101146578812314,1.205311858736476,0.0,1.801685248976812e-08,0.0,38.63273925224258,1.8359635235575462,0.0,0.0
8.380000000000795,6.446683336079239,19.04869068196003,SEGUINDO CHEIRO,0.6776946011003386,0.0,0.5512701904617919,0.5439441116165799,0.0,0.0,0.6264978795466714,1.1891669283106314,0.0,1.657630450241157e-08,0.0,30.087207581839895,1.4298498298371518,0.0,0.0
8.39000000000079,6.509176980891643,18.94780686095054,SEGUINDO CHEIRO,0.6775456533476146,0.0,0.5574614063297099,0.5504186041860339,0.0,0.0,0.6318534988113688,1.184049623162477,0.0,1.525093637263867e-08,0.0,34.05741865309406,1.113568167151688,0.0,0.0
8.400000000000784,6.490533447294026,18.61218369542554,SEGUINDO CHEIRO,0.6773966912952887,0.0,0.5676650053112934,0.5605007390996029,0.0,0.0,0.6253682338433629,1.1907732251261693,0.0,1.40315388275134e-08,0.0,37.69420204210241,0.8672477605811231,0.0,0.0
8.410000000000778,6.395947862859499,18.41902056000461,SEGUINDO CHEIRO,0.6772477149419878,0.0,0.5734878592174069,0.5663250293477039,0.0,0.0,0.6361216641571159,1.1802581546894426,0.0,1.290963892690819e-08,0.0,29.356274067641095,0.6754132350575004,0.0,0.0
8.420000000000773,6.31721446056732,18.404933363330723,SEGUINDO CHEIRO,0.6770987242863391,0.0,0.572212179072513,0.56477366938661,0.0,0.0,0.648876603515143,1.1677415980919792,0.0,1.187744118958317e-08,0.0,22.86268923193765,0.5260123563595719,0.0,0.0
8.430000000000767,6.192926564870106,18.351462117002196,SEGUINDO CHEIRO,0.6769497193269696,0.0,0.5704572910022216,0.5627279735150399,0.0,0.0,0.6400048932272224,1.1768517140261967,0.0,1.0927773426564261e-08,0.0,41.88596780456992,0.4096588350380692,0.0,0.0
8.440000000000762,6.066346353461172,18.260532986529824,SEGUINDO CHEIRO,0.6768007000625061,0.0,0.5719507563518323,0.5645217181964041,0.0,0.0,0.6514203846097828,1.165674651177864,0.0,1.0054036905445191e-08,0.0,44.36379361198327,0.3190426215197676,0.0,0.0
8.450000000000756,5.995467453710373,18.13432710623373,SEGUINDO CHEIRO,0.6766516664915752,0.0,0.5731075205414128,0.565641847459837,0.0,0.0,0.670520036912141,1.1468134502998615,0.0,9.250160499331934e-09,0.0,45.445020284799554,0.24847064347274866,0.0,0.0
8.46000000000075,6.095021103645894,18.055113303286827,SEGUINDO CHEIRO,0.6765026186128033,0.0,0.5800084480954331,0.573078652765388,0.0,0.0,0.7157736825816906,1.1017982789469936,0.0,8.51055850183514e-09,0.0,35.392617384497754,0.19350913170683237,0.0,0.0
8.470000000000745,6.171779787732107,17.924545844579832,SEGUINDO CHEIRO,0.6763535564248171,0.0,0.5871550159512596,0.5806106027712163,0.0,0.0,0.7467241813363243,1.0710862774035645,0.0,7.830091814989524e-09,0.0,27.56379813399345,0.1507050633047486,0.0,0.0
8.48000000000074,6.206304814624549,17.709091409780754,SEGUINDO CHEIRO,0.6762044799262426,0.0,0.594270843698352,0.5876486231107829,0.0,0.0,0.7480043618309591,1.0700446170168558,0.0,7.204032240415894e-09,0.0,32.9197417174729,0.11736922131456377,0.0,0.0
8.490000000000734,6.247126291182832,17.454495658937642,SEGUINDO CHEIRO,0.676055389115706,0.0,0.6052804520060189,0.5987677338546362,0.0,0.0,0.7505184051347329,1.0677691167199277,0.0,6.628029625604213e-09,0.0,37.67816439188563,0.09140724146826323,0.0,0.0
8.500000000000728,6.143022473123186,17.3660627307433,SEGUINDO CHEIRO,0.6759062839918332,0.0,0.6058190006880255,0.5989840519136505,0.0,0.0,0.7405571968063744,1.0779688909562501,0.0,6.098081637034842e-09,0.0,29.34378393309364,0.07118803123388037,0.0,0.0
8.510000000000723,6.018019091214011,17.310653645409218,SEGUINDO CHEIRO,0.67575716455325,0.0,0.6036915010766295,0.5964971930174566,0.0,0.0,0.7161814126806243,1.1025832638932807,0.0,5.610505950107546e-09,0.0,33.216095750984195,0.05544129447025764,0.0,0.0
8.520000000000717,5.941524244854859,17.253283041299902,SEGUINDO CHEIRO,0.6756080307985822,0.0,0.6030234302287661,0.5956367383491439,0.0,0.0,0.7276652009883621,1.091338087302339,0.0,5.161914662641032e-09,0.0,47.933442186892165,0.043177723547928974,0.0,0.0
8.530000000000712,5.723861876375245,17.12190919764053,SEGUINDO CHEIRO,0.6754588827264557,0.0,0.6017302721863009,0.5943524783346861,0.0,0.0,0.7575942557325336,1.0616476671826771,0.0,4.749190754156089e-09,0.0,47.956080138384756,0.03362684491036771,0.0,0.0
8.540000000000706,5.817873821127998,16.979819471514165,SEGUINDO CHEIRO,0.6753097203354956,0.0,0.6102833668744663,0.6033768694258734,0.0,0.0,0.8003235108893156,1.019157069560319,0.0,4.369466427370534e-09,0.0,37.348232764809076,0.026188613148415044,0.0,0.0
8.5500000000007,5.9115784949118275,16.90018130986962,SEGUINDO CHEIRO,0.6751605436243274,0.0,0.6155938424849509,0.6090998446626441,0.0,0.0,0.8111782228444735,1.008541038051698,0.0,4.020103181412603e-09,0.0,29.086832923566387,0.020395712427539715,0.0,0.0
8.560000000000695,5.946493985305505,16.773188949597614,SEGUINDO CHEIRO,0.6750113525915762,0.0,0.6206155403321939,0.6142929808890986,0.0,0.0,0.843754637902082,0.9762033263549393,0.0,3.6986734782922383e-09,0.0,33.27832608586585,0.015884196809867104,0.0,0.0
8.57000000000069,6.081825732418813,16.501499193116782,SEGUINDO CHEIRO,0.6748621472358671,0.0,0.6331908357080164,0.6268222421838713,0.0,0.0,0.8483649449108638,0.9718317456235198,0.0,3.4029438752403855e-09,0.0,37.370220561274564,0.012370624913984803,0.0,0.0
8.580000000000684,5.970707563963298,16.334824074488154,SEGUINDO CHEIRO,0.6747129275558249,0.0,0.6360521086395415,0.6294211686441537,0.0,0.0,0.8370344277518165,0.9834010119786425,0.0,3.1308595057119815e-09,0.0,40.55699118296841,0.00963425237009399,0.0,0.0
8.590000000000678,5.8675792966403275,16.32199502097346,SEGUINDO CHEIRO,0.6745636935500747,0.0,0.6330917981542121,0.6260341729162944,0.0,0.0,0.7908664492459765,1.0298077626014701,0.0,2.880529801219432e-09,0.0,31.585816492315846,0.007503163290136734,0.0,0.0
8.600000000000673,5.786001234433449,16.256757393332965,SEGUINDO CHEIRO,0.6744144452172411,0.0,0.6319316629070586,0.6245774336925705,0.0,0.0,0.7987437198692894,1.022169287018259,0.0,2.6502153547852536e-09,0.0,24.599058618165262,0.0058434694458711035,0.0,0.0
8.610000000000667,5.592599536190469,16.096540873688465,SEGUINDO CHEIRO,0.6742651825559486,0.0,0.6327673715953215,0.6255883321578093,0.0,0.0,0.7907651729049507,1.030386651948013,0.0,2.4383158347350425e-09,0.0,30.328023840328594,10.367684744193065,0.0,0.0
8.620000000000662,5.649875323278174,15.92492804397728,SEGUINDO CHEIRO,0.6741159055648215,0.0,0.6393187014290082,0.6323594060126394,0.0,0.0,0.7881683712912982,1.0332222944545963,0.0,2.243358864850212e-09,0.0,23.61948871585613,8.074360997415011,0.0,0.0
8.630000000000656,5.745656690184545,15.876307056549889,SEGUINDO CHEIRO,0.673966614242484,0.0,0.6443506044754282,0.637848497601986,0.0,0.0,0.7828315173836106,1.038798012184931,0.0,2.0639897936146164e-09,0.0,29.56513403333706,6.288318667588018,0.0,0.0
8.64000000000065,5.814717206290942,15.787111007887994,SEGUINDO CHEIRO,0.6738173085875606,0.0,0.6501217482783691,0.6439498889649479,0.0,0.0,0.7948663735176091,1.0270020428054973,0.0,1.8989622814670582e-09,0.0,32.883067380760046,4.897347502520079,0.0,0.0
8.650000000000645,5.926159536918292,15.522178350151801,SEGUINDO CHEIRO,0.6736679885986752,0.0,0.6600330651073874,0.6536821533737007,0.0,0.0,0.7981949224373923,1.0239124035743976,0.0,1.7471296406555239e-09,0.0,35.716625785228096,3.8140580699354243,0.0,0.0
8.66000000000064,5.889441560415644,15.316210646200288,SEGUINDO CHEIRO,0.6735186542744513,0.0,0.6663008000451539,0.6599049383422326,0.0,0.0,0.7996272960547925,1.0227189625820026,0.0,1.6074368675184514e-09,0.0,27.816136130203958,2.970391411545518,0.0,0.0
8.670000000000634,5.808374874700816,15.280313021326004,SEGUINDO CHEIRO,0.6733693056135132,0.0,0.6647370025490659,0.6578905174519162,0.0,0.0,0.7940647554718469,1.0285204587284755,0.0,1.4789133118296068e-09,0.0,32.557691679992445,13.766377303636906,0.0,0.0
8.680000000000629,5.689563271715448,15.198761886349192,SEGUINDO CHEIRO,0.6732199426144841,0.0,0.6631344384022514,0.6559362295445622,0.0,0.0,0.8023889896392269,1.0204352030653487,0.0,1.3606659322697843e-09,0.0,35.98143360330071,10.721265424128834,0.0,0.0
8.690000000000623,5.5654420736448325,15.054638844156154,SEGUINDO CHEIRO,0.6730705652759877,0.0,0.6641654210560034,0.6570571293326942,0.0,0.0,0.8093000985265507,1.0137630956252053,0.0,1.2518730911612163e-09,0.0,49.582669971881444,8.349729907827907,0.0,0.0
8.700000000000617,5.497099437808466,14.88828809874761,SEGUINDO CHEIRO,0.6729211735966473,0.0,0.6658920259085097,0.6587827160479928,0.0,0.0,0.7904601150970754,1.032842103446991,0.0,1.1517788453476227e-09,0.0,59.64299777054049,6.502776190651099,0.0,0.0
8.710000000000612,5.614437459428426,14.823946115704253,SEGUINDO CHEIRO,0.672771767575086,0.0,0.672619331725437,0.665972032310847,0.0,0.0,0.7898500576747626,1.0336912082089473,0.0,1.0596876935502912e-09,0.0,46.450013368422965,5.064367189417161,0.0,0.0
8.720000000000606,5.7038561936092025,14.71270647187768,SEGUINDO CHEIRO,0.672622347209927,0.0,0.6790514899430997,0.6727883190680556,0.0,0.0,0.7985075978550045,1.0252727383178852,0.0,9.749597437023752e-10,0.0,48.5203507708387,3.9441331328792124,0.0,0.0
8.7300000000006,5.778681026038113,14.53640845186683,SEGUINDO CHEIRO,0.6724729124997935,0.0,0.6853783386175959,0.6790707206521244,0.0,0.0,0.7924528413997238,1.0315665880140845,0.0,8.97006266681807e-10,0.0,50.13273116106208,3.0716939724242023,0.0,0.0
8.740000000000595,5.8747304678930234,14.311223630831151,SEGUINDO CHEIRO,0.6723234634433077,0.0,0.6954848112970333,0.689247622832439,0.0,0.0,0.7796749187608216,1.0445836268478481,0.0,8.25285605548098e-10,0.0,61.94947857833672,2.392237671079682,0.0,0.0
8.75000000000059,5.775399625125067,14.202174256258816,SEGUINDO CHEIRO,0.6721740000390929,0.0,0.6954847748179142,0.6888478965240207,0.0,0.0,0.7643477551093513,1.0601499296503263,0.0,7.592994118585064e-10,0.0,48.24630242767384,1.8630765715297686,0.0,0.0
8.760000000000584,5.6586200822566735,14.11985460906878,SEGUINDO CHEIRO,0.6720245222857713,0.0,0.6933878906694445,0.6863710132050643,0.0,0.0,0.7496522050480541,1.0750846418209818,0.0,6.985891829117491e-10,0.0,48.744515836654294,1.450965492829371,0.0,0.0
8.770000000000579,5.581579910211381,14.026401117810586,SEGUINDO CHEIRO,0.6718750301819654,0.0,0.6930341568744031,0.6858384918414061,0.0,0.0,0.7500859666203252,1.0748900653186235,0.0,6.427330758584174e-10,0.0,59.48220801171689,1.1300130620251003,0.0,0.0
8.780000000000573,5.402764042323059,13.858266437000905,SEGUINDO CHEIRO,0.6717255237262976,0.0,0.6921250097342861,0.6849444661202744,0.0,0.0,0.7690549474705989,1.0561602925010216,0.0,5.913429765410622e-10,0.0,46.32479017834128,0.8800550575860636,0.0,0.0
8.790000000000568,5.53070811358534,13.737014390147554,SEGUINDO CHEIRO,0.6715760029173902,0.0,0.7003074719274011,0.6935620986407189,0.0,0.0,0.7915322217341002,1.0339222492351543,0.0,5.440618026968833e-10,0.0,57.873518420118046,0.6853875679939765,0.0,0.0
8.800000000000562,5.627810135072862,13.665873241073978,SEGUINDO CHEIRO,0.6714264677538648,0.0,0.7054988605856923,0.6991366134193917,0.0,0.0,0.7983504884604408,1.0273432364736161,0.0,5.005610227844283e-10,0.0,45.071941464685274,0.5337803746611143,0.0,0.0
8.810000000000556,5.686452496160461,13.548081296522577,SEGUINDO CHEIRO,0.6712769182343437,0.0,0.7103238537037466,0.7041401965723643,0.0,0.0,0.823401706125711,1.0025312957425214,0.0,4.605383731939547e-10,0.0,46.845032393325965,0.41570857377422354,0.0,0.0
8.820000000000551,5.8539403642989605,13.312496369285533,SEGUINDO CHEIRO,0.6711273543574484,0.0,0.7214424919960458,0.7152289902692796,0.0004009586984627991,0.0,0.8401578675405345,0.9860144342334509,0.0,4.2371575797957294e-10,0.0,48.82799189676126,12.363997926594218,0.0,0.0
8.830000000000545,5.766812667561193,13.129194601389608,SEGUINDO CHEIRO,0.6709777761218005,0.0,0.7237716227888839,0.7173088257285891,0.004089685811669852,0.0,0.8284832761300872,0.9979283485234353,0.0,3.898373165195362e-10,0.0,38.02727832500185,9.6290912671248,0.0,0.0
8.84000000000054,5.671765181939286,13.092590012393895,SEGUINDO CHEIRO,0.6708281835260219,0.0,0.7209978990751282,0.7141121309534344,0.00806058055498167,0.0,0.8304763235088295,0.9961746470002186,0.0,3.586676456778829e-10,0.0,29.615674137585685,7.499143819102817,0.0,0.0
8.850000000000534,5.589650987713939,13.019206087278416,SEGUINDO CHEIRO,0.6706785765687336,0.0,0.7192032737808314,0.7120071699122745,0.012348967385001769,0.0,0.8160644122243845,1.0108259271183841,0.0,3.299901641141854e-10,0.0,33.171977368841695,5.840339078682355,0.0,0.0
8.860000000000529,5.414922852794573,12.821062785614473,SEGUINDO CHEIRO,0.6705289552485569,0.0,0.7194258069788819,0.7123385250017691,0.016986342471186796,0.0,0.8358206886203712,0.9913090425365187,0.0,3.0360560737587e-10,0.0,25.834361950880815,4.5484606478803435,0.0,0.0
8.870000000000523,5.488525752629753,12.648368387033443,SEGUINDO CHEIRO,0.6703793195641131,0.0,0.7254012395239554,0.7185312670481958,0.02200932061336265,0.0,0.8332838776958978,0.9940852682577204,0.0,2.7933064331631247e-10,0.0,20.119821317496076,3.5423447143386797,0.0,0.0
8.880000000000518,5.589316637844938,12.617759616256148,SEGUINDO CHEIRO,0.6702296695140229,0.0,0.7301125779020133,0.7236242977722225,0.027469205198419798,0.0,0.8500182074911719,0.9775903762439876,0.0,2.5699659821798903e-10,0.0,27.709576361132036,2.7587808374358143,0.0,0.0
8.890000000000512,5.666612780208345,12.53474357478189,SEGUINDO CHEIRO,0.6700800050969072,0.0,0.7354651418351618,0.7292892486868681,0.033409999714363016,0.0,0.8567875262492587,0.9710605182544624,0.0,2.3644828476919707e-10,0.0,21.58023976862651,2.1485406765173964,0.0,0.0
8.900000000000507,5.812574766899435,12.30545191421428,SEGUINDO CHEIRO,0.6699303263113869,0.0,0.7440174854912612,0.7377103044354456,0.03987409995118606,0.0,0.8466533409828227,0.9814341872786869,0.0,2.175429237505835e-10,0.0,16.806707630674993,1.6732851613325137,0.0,0.0
8.910000000000501,5.809058310607107,12.097289518662565,SEGUINDO CHEIRO,0.6697806331560823,0.0,0.749453512131208,0.7431068530531452,0.046964740786237434,0.0,0.8505434976054578,0.9777835374052746,0.0,2.001491519388571e-10,0.0,23.45221090923461,1.3031557939475231,0.0,0.0
8.920000000000496,5.723353607318425,12.054266830500728,SEGUINDO CHEIRO,0.6696309256296139,0.0,0.7471458047760474,0.7403713423575442,0.054733998433557224,0.0,0.8338299672629272,0.9947365974906691,0.0,1.8414610933414124e-10,0.0,18.26460022086765,1.0148987527903688,0.0,0.0
8.93000000000049,5.621084043140871,11.955638208492847,SEGUINDO CHEIRO,0.6694812037306022,0.0,0.7452853021248695,0.7382053391365283,0.06328330047069597,0.0,0.8139421420589833,1.0148639754333253,0.0,1.6942259936859732e-10,0.0,38.31249802641215,0.7904039434113311,0.0,0.0
8.940000000000484,5.513873322488218,11.785068542669787,SEGUINDO CHEIRO,0.6693314674576673,0.0,0.745685431034286,0.7386319643136546,0.07278402143401932,0.0,0.8341239431134313,0.9949217501156462,0.0,1.558763162610595e-10,0.0,29.83780346439142,0.6155672100714709,0.0,0.0
8.950000000000479,5.464098165058965,11.60083805744196,SEGUINDO CHEIRO,0.6691817168094291,0.0,0.746632558485856,0.7395781153257247,0.08329870069479495,0.0,0.8346668552028236,0.994618436763287,0.0,1.4341313414898175e-10,0.0,23.237704703198702,0.4794042252367412,0.0,0.0
8.960000000000473,5.583138013145647,11.549755704591233,SEGUINDO CHEIRO,0.6690319517845074,0.0,0.752923241078338,0.7462484414471721,0.09505526230552244,0.0,0.8309273359598839,0.9985975777457329,0.0,1.3194645305825653e-10,0.0,18.09754261963321,0.37336038602211397,0.0,0.0
8.970000000000468,5.684755251555256,11.452705919921433,SEGUINDO CHEIRO,0.6688821723815225,0.0,0.7587430626939226,0.752384518740035,0.10825016975658029,0.0,0.8234912265821154,1.0062733318676873,0.0,1.213965971663991e-10,0.0,14.09438036383846,10.39804052030429,0.0,0.0
8.980000000000462,5.781206952883167,11.290970341396745,SEGUINDO CHEIRO,0.6687323785990936,0.0,0.7643223888813845,0.7579776584347059,0.12314572299051368,0.0,0.8437244615849787,0.9862797646159,0.0,1.1169026117795142e-10,0.0,10.976714464263619,19.840971185701758,0.0,0.0
8.990000000000457,5.9042439879619595,11.092987778614,SEGUINDO CHEIRO,0.6685825704358404,0.0,0.772758508557421,0.7664733764535931,0.1400793196577265,0.0,0.8355683134179123,0.9946756035431404,0.0,1.0276000096526456e-10,0.0,8.54867382031972,15.452163896321702,0.0,0.0
9.000000000000451,5.812605722854288,10.979054736356241,SEGUINDO CHEIRO,0.6684327478903822,0.0,0.7716377675452646,0.7650013487299065,0.15947304693126232,0.0,0.830627482245675,0.9998561484868586,0.0,9.454376493539553e-11,0.0,6.657713865487014,12.034157342603025,0.0,0.0
9.010000000000446,5.7058129446951025,10.882640106819101,SEGUINDO CHEIRO,0.6682829109613384,0.0,0.7689094890253982,0.7619452766318349,0.18187236289658576,0.0,0.8310538449873422,0.9996695225301883,0.0,8.698446286683834e-11,0.0,28.15555458566557,9.372211162023726,0.0,0.0
9.02000000000044,5.642275480671866,10.767450739132922,SEGUINDO CHEIRO,0.6681330596473279,0.0,0.7683627362609,0.7612628051503173,0.2081226011614208,0.0,0.8393009834124431,0.99166214390581,0.0,8.002956922016638e-11,0.0,21.92756795912602,19.042054478175217,0.0,0.0
9.030000000000435,5.488648542344184,10.568747943287127,SEGUINDO CHEIRO,0.6679831939469698,0.0,0.766596796330474,0.7594867300115367,0.23903875973424726,0.0,0.8111734215063231,1.0200294886305878,0.0,7.363075816620489e-11,0.0,27.440340943031543,14.829966938891204,0.0,0.0
9.040000000000429,5.627890201610884,10.455964146067332,SEGUINDO CHEIRO,0.6678333138588829,0.0,0.7739403511082675,0.7671537969201278,0.27607290834819687,0.0,0.8322604069489198,0.9991823090267941,0.0,6.774356779573927e-11,0.0,31.477826173481716,11.549589864931507,0.0,0.0
9.050000000000423,5.731584181747123,10.398421581434974,SEGUINDO CHEIRO,0.667683419381686,0.0,0.7787766843420617,0.772285273901669,0.32110428788030126,0.0,0.8548359289096618,0.9768466159272101,0.0,6.232709117753281e-11,0.0,24.51495567329311,8.994829630962215,0.0,0.0
9.060000000000418,5.804373408750297,10.29352740618255,SEGUINDO CHEIRO,0.6675335105139973,0.0,0.7830093513439647,0.7766881161086164,0.37688519205041326,0.0,0.8611050778943824,0.9708173188282134,0.0,5.7343692117981635e-11,0.0,19.092266675321447,7.005180360187245,0.0,0.0
9.070000000000412,5.993975478467908,10.08967095115273,SEGUINDO CHEIRO,0.6673835872544358,0.0,0.7920689886587126,0.7857353822234586,0.4467906749684636,0.0,0.8722506451178076,0.9599116265172875,0.0,5.275874364737256e-11,0.0,14.869072237348421,16.625897675752352,0.0,0.0
9.080000000000407,5.920839825257011,9.903332705185793,SEGUINDO CHEIRO,0.6672336496016197,0.0,0.7926289248102937,0.786078340286038,0.5371513922907697,0.0,0.8692799440097704,0.9631222255668099,0.0,4.854038741562542e-11,0.0,11.58004510199223,24.118519854823077,0.0,0.0
9.090000000000401,5.826458832522764,9.855849849944999,SEGUINDO CHEIRO,0.667083697554167,0.0,0.7893331207216029,0.7824414477300663,0.6555129638212855,0.0,0.8570442201908647,0.975597870358399,0.0,4.4659312325689656e-11,18.991281194843502,9.01854819343373,18.783522149459426,0.0,0.0
9.100000000000396,5.754976831332281,9.763067137788765,FUGA,0.6668987161320202,0.0,0.7871650077967574,0.7800451089604639,0.8136070590461177,0.0,2.25,0.75,0.0,4.1088550866437254e-11,31.48377931518505,7.023652395213392,14.628621758838074,0.0,0.0
9.11000000000039,5.593411162409417,9.492444756730281,FUGA,0.6666787161320206,0.0,0.786113518370532,0.7790040664245562,0.8133831716406581,0.0,2.25,0.75,0.0,3.780329172987844e-11,64.35660147611425,5.470025985413535,22.56303980672058,0.0,0.0
9.120000000000385,5.649433186351989,9.184769688499738,FUGA,0.6664587161320209,0.0,0.7907886212499358,0.7837527174718745,0.8133700922870565,0.0,2.25,0.75,0.0,3.4780707410677554e-11,62.230255182547836,4.260060520860993,17.57211306994526,0.0,0.0
9.13000000000038,5.749513598052859,9.133796733353162,FUGA,0.6662387161320212,0.0,0.7949709129749699,0.7880633620631141,0.8131761060027826,0.0,2.25,0.75,0.0,3.199979559005059e-11,81.92917263587142,3.3177384695781162,23.54289326307873,0.0,0.0
9.140000000000374,5.864093640403093,9.046934983582629,FUGA,0.6660187161320216,0.0,0.8012751652205099,0.7946015827935888,0.8126260877893109,0.0,2.25,0.75,0.0,2.94412332019061e-11,113.26858343483683,2.58385731813356,18.335223709052205,0.0,0.0
9.150000000000368,6.010563218406328,8.835247572244079,FUGA,0.6657987161320219,0.0,0.8053520686382425,0.7983403843866663,0.8100281785906609,0.0,2.25,0.75,0.0,2.7087242167213098e-11,91.89687186782425,2.0123101027071955,14.27948658239924,0.0,0.0
9.160000000000363,5.940377320150827,8.652405000415575,FUGA,0.6655787161320222,0.0,0.8065984834048545,0.7995081662133952,0.8111535753858956,0.0,2.25,0.75,0.0,2.4921465863656297e-11,91.25200127737722,1.5671886837708622,22.291133057912248,0.0,0.0
9.170000000000357,5.733477923656491,8.657306737834942,FUGA,0.6653587161320226,0.0,0.7967876867047315,0.7893220595245756,0.8101307063736506,0.0,2.25,0.75,0.0,2.292885547223232e-11,73.4122020163679,1.2205277741413911,17.360351881050928,0.0,0.0
9.180000000000351,5.533949314624561,8.581229181518895,FUGA,0.6651387161320229,0.0,0.788402772751835,0.7807872850275166,0.8095876089862771,0.0,2.25,0.75,0.0,2.109556541107034e-11,68.91203906958773,0.9505479862617138,13.520255639357588,0.0,0.0
9.190000000000346,5.3811149229329525,8.121500689949508,FUGA,0.6649187161320232,0.0,0.7875793207096649,0.779987356913062,0.8144256450910015,0.0,2.25,0.75,0.0,1.940885712990281e-11,59.862330000522036,0.7402875160475693,21.982619825553947,0.0,0.0
9.20000000000034,5.196453409116856,7.7778795787874975,FUGA,0.6646987161320236,0.0,0.7807006525357812,0.7732568181633528,0.8124751582342893,0.0,2.25,0.75,0.0,1.7857010596705598e-11,74.71900651953591,0.5765364971958319,27.483215379715165,0.0,0.0
9.210000000000335,5.343399634456446,7.679124388732349,FUGA,0.6644787161320239,0.0,0.7862415615210274,0.778717065741053,0.8123523464760073,0.0,2.25,0.75,0.0,1.6429242861475624e-11,45.31936831736668,0.44900707548535845,33.4441934228516,0.0,0.0
9.22000000000033,5.4901033882161,7.5640247270943295,FUGA,0.6642587161320243,0.0,0.7944076917231099,0.7868764876372514,0.8109168664188823,0.0,2.25,0.75,0.0,1.5115633131289333e-11,46.47886755813573,0.3496870619925984,26.046364026908336,0.0,0.0
9.230000000000324,5.461282855262339,7.403003913372543,FUGA,0.6640387161320246,0.0,0.7912704707619141,0.783833795917894,0.8095236235561417,0.0,2.25,0.75,0.0,1.3907053836028704e-11,72.37547310864736,0.2723365577097744,32.62997268615276,0.0,0.0
9.240000000000318,5.533399113454766,7.205390579936479,FUGA,0.6638187161320249,0.0,0.7963852620117609,0.7890469153739608,0.8102680296799427,0.0,2.25,0.75,0.0,1.2795107205787516e-11,82.85420964973385,0.212095924403343,25.412248279574307,0.0,0.0
9.250000000000313,5.2583387541161635,7.268772426577835,FUGA,0.6635987161320253,0.0,0.7827208745493753,0.7755957167621325,0.8097400237044691,0.0,2.25,0.75,0.0,1.177206691926821e-11,91.82292803000195,0.16518047201157693,19.79107885973742,0.0,0.0
9.260000000000307,5.039680069696324,7.281505104854336,FUGA,0.6633787161320256,0.0,0.7728457909506576,0.7660152967895648,0.8094157024498182,0.0,2.25,0.75,0.0,1.0830824417715338e-11,80.07870886442575,0.12864268095072032,27.758351699625116,0.0,0.0
9.270000000000302,4.819229775399923,7.027426734862948,FUGA,0.6631587161320259,0.0,0.7663526012734059,0.7595205882079238,0.8140876953383324,0.0,2.25,0.75,0.0,9.96483951134989e-12,67.56147331131957,0.10018702066082585,33.071260186736176,0.0,0.0
9.280000000000296,4.387475646791863,6.737310077559511,FUGA,0.6629387161320263,0.0,0.74827046094714,0.7419599852771979,0.8127876028079716,0.0,2.25,0.75,0.0,9.168094935095061e-12,99.68783916890776,0.07802573014424215,25.755923330588296,0.0,0.0
9.29000000000029,4.3751191252831445,6.490723198652615,FUGA,0.6627187161320266,0.0,0.7463736799968198,0.7401736004693145,0.8118834699959223,0.0,2.25,0.75,0.0,8.4350545378256e-12,100.39370086302151,0.060766499736053865,20.05873325858922,0.0,0.0
9.300000000000285,4.547296809373752,6.373101473035714,FUGA,0.6624987161320269,0.0,0.7551845219582222,0.7485310534174133,0.8107359950589135,0.0,2.25,0.75,0.0,7.760624814620171e-12,92.78655077694415,0.04732499757894704,15.62175716920971,0.0,0.0
9.31000000000028,4.505068403237712,6.300461845281918,FUGA,0.6622787161320273,0.0,0.7548814761659249,0.7482229525197474,0.8094822127544729,0.0,2.25,0.75,0.0,7.140119514725016e-12,75.26916905004322,0.036856745173336265,34.36899854615164,0.0,0.0
9.320000000000274,4.54288715346371,5.9954842127493215,FUGA,0.6620587161320276,0.0,0.7534042246865663,0.7474388069989272,0.8100343810994978,0.0,2.25,0.75,0.0,6.569227079308585e-12,81.96399097016594,0.0287040620024575,26.766602981122848,0.0,0.0
9.330000000000268,4.279175048707463,6.12163456171408,FUGA,0.6618387161320279,0.0,0.7418867861203698,0.7365559554256075,0.8094935808095113,0.0,2.25,0.75,0.0,6.043980682749567e-12,88.45842270276223,12.0625985097742,20.845851361859864,0.0,0.0
9.340000000000263,4.0896084680124805,6.246195444227094,FUGA,0.6616187161320283,0.0,0.7332013180547319,0.728626186314632,0.8093553541473041,0.0,2.25,0.75,0.0,5.560730669291264e-12,97.83736038496055,9.394361165288105,27.687799510703247,0.0,0.0
9.350000000000257,3.8920848507460013,6.206734751238572,FUGA,0.6613987161320286,0.0,0.7252213913231227,0.7209502972972578,0.8125210178135593,0.0,2.25,0.75,0.0,5.116119193539406e-12,82.53736197121,7.316335831981968,32.45774302022855,0.0,0.0
9.360000000000252,3.2782625762598077,6.027349918818864,FUGA,0.6611787161320289,0.0,0.7005390973435943,0.6967438837073835,0.8138830534175364,0.0,2.25,0.75,0.0,4.707056888593808e-12,85.57517156519683,5.697968075160931,36.17257876065322,0.0,0.0
9.370000000000246,3.04265377868519,5.833904432971684,FUGA,0.6609587161320293,0.0,0.6891837162471465,0.6856236372400832,0.8117164267468674,0.0,2.25,0.75,0.0,4.330701399693214e-12,90.07659877953567,4.437581998851197,28.171232664508786,0.0,0.0
9.38000000000024,3.1817461393914694,5.70112507547688,FUGA,0.6607387161320296,0.0,0.6948919193553744,0.6908259791435654,0.8117563079819187,0.0,2.25,0.75,0.0,3.984437634215133e-12,77.8302221147992,3.4559923356488804,21.93977805920617,0.0,0.0
9.390000000000235,3.183415826163269,5.5982991744792265,FUGA,0.66051871613203,0.0,0.6959344269989612,0.6915003288920185,0.8094265884403256,0.0,2.25,0.75,0.0,3.665859590798508e-12,68.19502763840794,2.6915295372921206,17.08671633292258,0.0,0.0
9.40000000000023,3.040134274807216,5.365176572336343,FUGA,0.6602987161320303,0.0,0.6873439080721848,0.6843121746433911,0.0,0.0,2.25,0.75,0.0,3.372753641329504e-12,77.49250606564925,2.0961653113029186,23.932625888124306,0.0,0.0
9.410000000000224,2.879768985782997,5.417994982140164,FUGA,0.6600787161320306,0.0,0.6813067417967431,0.6785157063673638,0.0,0.0,2.25,0.75,0.0,3.1030831496259225e-12,70.19758405916072,1.6324951858898273,18.63874778262618,0.0,0.0
9.420000000000218,2.7693802501826403,5.639656245145025,FUGA,0.659858716132031,0.0,0.6764808475894789,0.6747665379948188,0.0,0.0,2.25,0.75,0.0,2.854974319943699e-12,42.57698696963579,1.2713885291312956,14.515871368579674,0.0,0.0
9.430000000000213,2.590335282055211,5.781251233683086,FUGA,0.6596387161320313,0.0,0.6684556507023198,0.6675238437463836,0.0,0.0,2.25,0.75,0.0,2.6267031769743508e-12,25.824247995269392,0.9901583820754543,11.304971988813628,0.0,0.0
9.440000000000207,2.0695366226395224,5.791208332834178,FUGA,0.6594187161320316,0.0,0.6493017234337913,0.6483165479100252,0.0,0.0,2.25,0.75,0.0,2.4166835868643507e-12,15.663198173153399,12.811379887134434,8.804321037488348,0.0,0.0
9.450000000000202,1.6374632167003675,5.8469973469973935,FUGA,0.659198716132032,0.0,0.6289550756037545,0.6292298310173515,0.0,0.0,2.25,0.75,0.0,2.223456236020905e-12,9.500209921172447,9.977512688325538,6.856812118407964,0.0,0.0
9.460000000000196,1.597229490412898,5.6679873573450035,FUGA,0.6589787161320323,0.0,0.6258162298473993,0.6257289478797433,0.0,0.0,2.25,0.75,0.0,2.045678491123772e-12,5.76216859089723,7.7704946947728,5.340090647189618,0.0,0.0
9.47000000000019,1.5532816658441928,5.483192402065152,FUGA,0.6587587161320326,0.0,0.624661626217933,0.623867456874474,0.0,0.0,2.25,0.75,0.0,1.882115069885768e-12,3.4949319168123125,27.61196865874036,4.158866777703557,0.0,0.0
9.480000000000185,1.3844184147108054,5.479931660043308,FUGA,0.658538716132033,0.0,0.6185955379552708,0.6190168918444036,0.0,0.0,2.25,0.75,0.0,1.7316294577380798e-12,2.119783361154911,21.504222813570067,13.346195862467606,0.0,0.0
9.49000000000018,1.2336909578084398,5.354343738213968,FUGA,0.6583187161320333,0.0,0.6109160651534352,0.6113874006768768,0.0,0.0,2.25,0.75,0.0,1.593176010799524e-12,1.2857136004891516,40.82799309416904,10.394027788714107,0.0,0.0
9.500000000000174,1.2129201150373734,5.64861899433339,FUGA,0.6580987161320336,0.0,0.6105619458296684,0.6122179133867788,0.0,0.0,2.25,0.75,0.0,1.4657926902575284e-12,0.7798247183061905,31.79687299297274,8.094876981116485,0.0,0.0
9.510000000000169,1.1099450567124407,5.8585824424676884,FUGA,0.657878716132034,0.0,0.6074454128901587,0.6101518999889641,0.0,0.0,2.25,0.75,0.0,1.3485943776759286e-12,0.47298760085447217,24.76342958614916,6.304296531760205,0.0,0.0
9.520000000000163,0.7872985188919764,6.011855009383488,FUGA,0.6576587161320343,0.0,0.5953697021367438,0.59809429888978,0.0,0.0,2.25,0.75,0.0,1.2407667247812464e-12,0.2868814815821588,19.28577835322655,4.909791075649187,0.0,0.0
9.530000000000157,0.3621835683392147,6.349893729333328,FUGA,0.6574387161320346,0.0,0.5758316500654451,0.5791897499025032,0.0,0.0,2.25,0.75,0.0,1.1415604949929042e-12,0.17400241428336446,25.127046442936802,3.8237491344325796,0.0,0.0
9.540000000000152,0.13260294410391776,6.286500885503019,FUGA,0.657218716132035,0.0,0.5653717598915985,0.5688019142393385,0.0,0.0,2.25,0.75,0.0,1.0502863573797073e-12,0.10553779912688001,41.675066377724086,2.977938820164698,0.0,0.0
9.550000000000146,0.055232232604150146,6.092553064881049,FUGA,0.6569987161320353,0.0,0.5630086362839692,0.5656804558533428,0.0,0.0,2.25,0.75,0.0,9.66310096868577e-13,0.06401191092904591,32.45657432952427,2.319221085083001,0.0,0.0
9.56000000000014,-0.031236615465527657,6.117024856313778,FUGA,0.6567787161320356,0.0,0.5599538344646402,0.5625110225342085,0.0,0.0,2.25,0.75,0.0,8.890482074238546e-13,0.03882518656526055,25.277205503648748,1.8062111971783539,0.0,0.0
9.570000000000135,-0.3199346584078199,5.991267920530705,FUGA,0.656558716132036,0.0,0.5475512705571371,0.5512250928716204,0.0,0.0,2.25,0.75,0.0,8.179638375765295e-13,0.023548666020893557,19.685907440098454,1.406678694754841,0.0,0.0
9.58000000000013,-0.2669356886584035,6.288205144340808,FUGA,0.6563387161320363,0.0,0.5495300401603238,0.5540569282545544,0.0,0.0,2.25,0.75,0.0,7.525630601310531e-13,0.014282987937005045,15.331400129819864,1.095522469004931,0.0,0.0
9.590000000000124,-0.19671241899793773,6.493088051161057,FUGA,0.6561187161320367,0.0,0.5545141219511359,0.5599647707039861,0.0,0.0,2.25,0.75,0.0,6.923914401299268e-13,0.008663070096099255,22.30324027229751,11.478671584658603,0.0,0.0
9.600000000000119,-0.28939045248437406,6.670405646677622,FUGA,0.655898716132037,0.0,0.5518295511098494,0.5575205954773923,0.0,0.0,2.25,0.75,0.0,6.370308772286927e-13,0.005254417620523868,17.369780989094984,8.939598418751599,0.0,0.0
9.610000000000113,-0.6155161553961196,7.202772703496234,FUGA,0.6556787161320373,0.0,0.5353263802689354,0.5411153041736773,0.0,0.0,2.25,0.75,0.0,5.860967005406769e-13,0.003186965385782028,13.527599036085968,6.962166248867635,0.0,0.0
9.620000000000108,-0.8710108509253989,7.387043741560172,FUGA,0.6554587161320377,0.0,0.5247537471814652,0.5304021071234045,0.0,0.0,2.25,0.75,0.0,5.392349957651249e-13,0.0019329922179197006,22.27827380846031,5.422140526491418,0.0,0.0
9.630000000000102,-0.958804769045626,7.210241812384915,FUGA,0.655238716132038,0.0,0.5212342888957325,0.5266169649893735,0.0,0.0,2.25,0.75,0.0,4.961201460263699e-13,0.0011724190451542227,28.24480016727687,4.222767287954714,0.0,0.0
9.640000000000096,-1.059503795099645,7.17999572027484,FUGA,0.6550187161320383,0.0,0.5159241671635336,0.5209047955720791,0.0,0.0,2.25,0.75,0.0,4.56452569336646e-13,0.0007111080969170462,21.997072487970563,3.2886944705874415,0.0,0.0
9.650000000000091,-1.3278620077727579,7.25379239093197,FUGA,0.6547987161320387,0.0,0.5078639720535213,0.5140312570135194,0.0,0.0,2.25,0.75,0.0,4.1995663696138515e-13,0.0004313088631500913,17.131337278909925,2.5612378289760978,0.0,0.0
9.660000000000085,-1.319675021078139,7.432675593495891,FUGA,0.654578716132039,0.0,0.5054489503588173,0.5117327150028862,0.0,0.0,2.25,0.75,0.0,3.8637875822283687e-13,0.00026160204930633077,23.705032733488164,1.9946940268386888,0.0,0.0
9.67000000000008,-1.1311487490856655,7.586536880002329,FUGA,0.6543587161320393,0.0,0.515558233771901,0.5226856169817907,0.0,0.0,2.25,0.75,0.0,3.5548561843433485e-13,0.00015866966354794563,30.806542041407553,1.5534692700898238,0.0,0.0
9.680000000000074,-1.055440004990048,7.8041716318258345,FUGA,0.6541387161320397,0.0,0.5196148513130848,0.5271100825402564,0.0,0.0,2.25,0.75,0.0,3.2706255772156055e-13,9.62380157081171e-05,23.992159065570345,1.2098430840233179,0.0,0.0
9.690000000000069,-1.1844991963638374,8.325626340065634,FUGA,0.65391871613204,0.0,0.5111649485930966,0.5185702704806535,0.0,0.0,2.25,0.75,0.0,3.0091207946610243e-13,5.837130715687906e-05,18.685112267839884,0.9422267412308829,0.0,0.0
9.700000000000063,-1.229585161934154,8.746300959864383,SEGUINDO CHEIRO,0.653726220670812,0.0,0.5079489380287021,0.5155371214203422,0.0,0.0,1.3062322536588733,0.547781594734883,0.0,2.7685247800728256e-13,3.540398743815062e-05,25.177457893896054,0.7338069239014291,0.0,0.0
9.710000000000058,-1.406158209715697,8.687803818741116,SEGUINDO CHEIRO,0.6535749718541624,0.0,0.5000273342836337,0.5075347303961601,0.0,0.0,1.3068806261906805,0.5473752179865553,0.0,2.547165760668879e-13,2.1473603857319287e-05,19.60822392351356,0.5714894069576515,0.0,0.0
9.720000000000052,-1.5477928531117673,8.688829281239855,SEGUINDO CHEIRO,0.6534237085169993,0.0,0.4928235003576244,0.4999958387620879,0.0,0.0,1.2893211447162753,0.5651767184770392,0.0,2.343505631238453e-13,1.302439911398762e-05,26.441157871953916,0.4450763976556316,0.0,0.0
9.730000000000047,-1.6129906577084856,8.815649108989243,SEGUINDO CHEIRO,0.6532724306579285,0.0,0.4918176575260422,0.4994385298775211,0.0,0.0,1.2852724498037078,0.5694674556405144,0.0,2.1561292666733058e-13,7.899697386967553e-06,32.04542860228902,0.3466258470208057,0.0,0.0
9.740000000000041,-1.7496631921770835,8.908524723881236,SEGUINDO CHEIRO,0.6531211382755557,0.0,0.48346162147764205,0.49100916723174015,0.0,0.0,1.2957530704634883,0.5592289004687016,0.0,1.9837346890215935e-13,4.791408667647596e-06,34.81472273330757,0.2699524810925923,0.0,0.0
9.750000000000036,-1.5560952716661478,9.001718528839444,SEGUINDO CHEIRO,0.652969831368487,0.0,0.4930111529847697,0.5010433730014919,0.0,0.0,1.3116740041414636,0.5435500555179846,0.0,1.8251240207407548e-13,2.9061362601411265e-06,37.47686717272653,0.21023920366697943,0.0,0.0
9.76000000000003,-1.4113400804416254,9.113186606573585,SEGUINDO CHEIRO,0.6528185099353275,0.0,0.49960459514524896,0.507952351051517,0.0,0.0,1.2831447538709353,0.5723214177572931,0.0,1.6791951612883446e-13,1.762660743078203e-06,40.92998258726301,0.16373445644815204,0.0,0.0
9.770000000000024,-1.3756167972866846,9.363614141253404,SEGUINDO CHEIRO,0.652667173974683,0.0,0.4991485114806975,0.5073981278082509,0.0,0.0,1.2998393741847378,0.5558689326560237,0.0,1.544934129215927e-13,1.0691077833487832e-06,42.239436335672146,0.12751652289759158,0.0,0.0
9.780000000000019,-1.2931812719025393,9.743523037913302,SEGUINDO CHEIRO,0.6525158234851587,0.0,0.49935200588483664,0.5076930608906169,0.0,0.0,1.2903952968501564,0.5655551684491228,0.0,1.4214080165553308e-13,6.484466491384486e-07,44.63907518079678,0.09930996788718698,0.0,0.0
9.790000000000013,-1.4029116049016541,9.89417136873969,SEGUINDO CHEIRO,0.6523644584653595,0.0,0.4934736553427215,0.5017198914354464,0.0,0.0,1.2752128808275174,0.5809797661784958,0.0,1.3077585065410769e-13,3.933027738903898e-07,34.76494670638783,0.07734268075733725,0.0,0.0
9.800000000000008,-1.513891221027784,9.930049009050984,SEGUINDO CHEIRO,0.6522130789138906,0.0,0.487925550858871,0.49604674838870805,0.0,0.0,1.2651898152336951,0.5912450367295011,0.0,1.2031959096271032e-13,2.385501909145469e-07,37.9694307981393,0.06023454033865589,0.0,0.0
9.810000000000002,-1.5504948039590847,9.989778987318518,SEGUINDO CHEIRO,0.6520616848293569,0.0,0.48486318506385495,0.492904416857467,0.0,0.0,1.2738994484461077,0.5827776317269517,0.0,1.1069936763572644e-13,1.4468800466997478e-07,29.570622438366392,0.04691070718369131,0.0,0.0
9.819999999999997,-1.7274671994320798,10.159394679363068,SEGUINDO CHEIRO,0.6519102762103635,0.0,0.4779796250050478,0.4862673076745836,0.0,0.0,1.281259409621829,0.575659922016006,0.0,1.0184833489624819e-13,8.775771092498441e-08,56.10741288396994,9.894251939475195,0.0,0.0
9.829999999999991,-1.5502923693516752,10.255607498263164,SEGUINDO CHEIRO,0.6517588530555146,0.0,0.4841830340572313,0.49265577469535926,0.0,0.0,1.2856597363396953,0.5715018700200605,0.0,9.370499166058995e-14,5.322774230220137e-08,53.554214934132496,7.705651158369044,0.0,0.0
9.839999999999986,-1.432481318794404,10.29298305713391,SEGUINDO CHEIRO,0.6516074153634147,0.0,0.4902799389503815,0.4989376602091807,0.0,0.0,1.2971074790459716,0.5602964252950832,0.0,8.62127542002131e-14,3.2284257653568245e-08,53.74830829128604,6.001167156212886,0.0,0.0
9.84999999999998,-1.3318527832280767,10.360767355811603,SEGUINDO CHEIRO,0.6514559631326684,0.0,0.4946131945931395,0.503325489950496,0.0,0.0,1.311858905405628,0.5457873201783369,0.0,7.931956297171678e-14,1.9581392092951385e-08,41.859224586016815,4.673713680600989,0.0,0.0
9.859999999999975,-1.1395128248059199,10.657963346337027,SEGUINDO CHEIRO,0.6513044963618798,0.0,0.49782895842570823,0.5064672958793116,0.0,0.0,1.313226169520759,0.5446624005699605,0.0,7.297752088296692e-14,1.1876714664229548e-08,32.59999688635169,3.639891874303586,0.0,0.0
9.869999999999969,-1.141898197778322,10.893332332320398,SEGUINDO CHEIRO,0.651153015049653,0.0,0.4954173470408889,0.5039499942662315,0.0,0.0,1.31717644155978,0.5409544963037718,0.0,6.714256048186854e-14,7.203591580513855e-09,25.38890310321604,2.834750642002875,0.0,0.0
9.879999999999963,-1.2218142021657408,10.930205187128,SEGUINDO CHEIRO,0.651001519194592,0.0,0.4914626813797434,0.5000204540859021,0.0,0.0,1.3341991214512217,0.5241742074534737,0.0,6.177413775525469e-14,4.369199153629442e-09,30.66736069787748,13.102169099572826,0.0,0.0
9.889999999999958,-1.2935179101976884,11.014986434045655,SEGUINDO CHEIRO,0.6508500087953005,0.0,0.4861700005551324,0.4946580884498822,0.0,0.0,1.3426561290376668,0.5159596141787175,0.0,5.683495041026448e-14,2.650053245066745e-09,23.883764526240196,10.203979554681274,0.0,0.0
9.899999999999952,-1.3720876011029117,11.192644143660468,SEGUINDO CHEIRO,0.6506984838503823,0.0,0.4839889180678831,0.49265207293173013,0.0,0.0,1.339242733441163,0.5196154473596897,0.0,5.22906786806984e-14,1.607338543003938e-09,30.053728662025577,7.946867267630376,0.0,0.0
9.909999999999947,-1.2726209672496311,11.30138995576834,SEGUINDO CHEIRO,0.6505469443584412,0.0,0.4843652805125187,0.4930366029456004,0.0,0.0,1.3256693269801227,0.5334313146802117,0.0,4.81097468573532e-14,9.749001068697218e-10,35.14883650228162,6.18902645099505,0.0,0.0
9.919999999999941,-1.151230230612021,11.286493061333111,SEGUINDO CHEIRO,0.6503953903180802,0.0,0.49184431520936905,0.5006126204025539,0.0,0.0,1.3365954729121414,0.5227476528849224,0.0,4.426310388533846e-14,5.913068049736093e-10,49.521452315137466,4.820018646484581,0.0,0.0
9.929999999999936,-1.0185442234515898,11.307817610903363,SEGUINDO CHEIRO,0.6502438217279031,0.0,0.49800480119299323,0.5067865735020757,0.0,0.0,1.3258651797513965,0.5337204534618796,0.0,4.072402150386315e-14,3.5864570651321277e-10,48.42506368584837,3.7538342963009623,0.0,0.0
9.93999999999993,-0.8375606885135196,11.538981325775877,SEGUINDO CHEIRO,0.6500922385865124,0.0,0.5005906072520887,0.5093617823131689,0.0,0.0,1.327339980295924,0.5324881836152826,0.0,3.7467908525873746e-14,2.175296169745625e-10,57.678462522109875,2.923489089479484,0.0,0.0
9.949999999999925,-0.6982079914899063,11.74334007826781,SEGUINDO CHEIRO,0.6499406408925117,0.0,0.5044420379833038,0.5131409407427748,0.0,0.0,1.32038063257788,0.5396900853152092,0.0,3.4472139967072545e-14,1.3193838209061786e-10,44.92003177857383,2.2768155921873294,0.0,0.0
9.95999999999992,-0.7224810302641264,11.834725758189178,SEGUINDO CHEIRO,0.6497890286445035,0.0,0.5018166403751426,0.5105336704353595,0.0,0.0,1.313497582639808,0.546815712521353,0.0,3.1715899837025366e-14,8.002467393083998e-11,44.841473768731774,1.7731857661046757,0.0,0.0
9.969999999999914,-0.79425417625301,11.962608650243611,SEGUINDO CHEIRO,0.6496374018410908,0.0,0.4959967634474393,0.504756291086646,0.0,0.0,1.3073835086018786,0.5531723871157773,0.0,2.918003649999826e-14,4.853741827256076e-11,34.92257488516414,1.3809584631733895,0.0,0.0
9.979999999999908,-0.7877769327293078,12.061974793150236,SEGUINDO CHEIRO,0.649485760480876,0.0,0.4963086790055392,0.5050949517694313,0.0,0.0,1.3132351754004918,0.547563344164319,0.0,2.68469296005032e-14,2.9439432325604306e-11,38.0921917472044,1.0754915325085193,0.0,0.0
9.989999999999903,-0.8127001923984748,12.227871017864322,SEGUINDO CHEIRO,0.6493341045624617,0.0,0.4908545073710234,0.49961380009985756,0.0,0.0,1.3201015111889378,0.5409396555159229,0.0,2.4700367628889618e-14,1.7855918310014207e-11,42.01127274746258,0.8375936477042996,0.0,0.0
9.999999999999897,-0.6520541283314856,12.19523500703755,SEGUINDO CHEIRO,0.6491824340844503,0.0,0.5003694315026782,0.5091036326439982,0.0,0.0,1.3127299366060743,0.5485539005339687,0.0,2.2725435276250834e-14,1.0830161912347806e-11,54.79692408777214,0.6523185887277425,0.0,0.0
10.009999999999891,-0.5196006170532693,12.197784217913549,SEGUINDO CHEIRO,0.6490307490454441,0.0,0.5065475351202797,0.5152150343284446,0.0,0.0,1.3073701402258555,0.5541563906467374,0.0,2.090840979593477e-14,6.568825249490951e-12,55.020931375294936,0.5080262277131992,0.0,0.0
10.019999999999886,-0.3667034089566698,12.301982654296177,SEGUINDO CHEIRO,0.6488790494440451,0.0,0.5104336853706501,0.5191186971786494,0.0,0.0,1.3255853309587358,0.5361839169460123,0.0,1.9236665651530817e-14,3.984193912110752e-12,55.195388426231396,0.39565122396385116,0.0,0.0
10.02999999999988,-0.0970458311529165,12.437193285138397,SEGUINDO CHEIRO,0.6487273352788551,0.0,0.5191897168783949,0.5278092768324012,0.0,0.0,1.3331094408029696,0.5289025474357755,0.0,1.7698586788782677e-14,2.4165357619355923e-12,42.98621172827934,0.3081334830462069,0.0,0.0
10.039999999999875,-0.054368519978213674,12.616192655283621,SEGUINDO CHEIRO,0.6485756065484762,0.0,0.5173511554388124,0.5259763133248118,0.0,0.0,1.345215655970737,0.5170390959060831,0.0,1.6283485921851833e-14,1.465703029905966e-12,33.47769535525715,0.23997459788690528,0.0,0.0
10.04999999999987,-0.10918017583995147,12.720921879183,SEGUINDO CHEIRO,0.6484238632515098,0.0,0.5127056934094648,0.5214634139384121,0.0,0.0,1.340914146881684,0.5215833919395275,0.0,1.4981530273094998e-14,8.889938256716714e-13,49.558393530261355,0.18689240475156726,0.0,0.0
10.059999999999864,-0.1020949315045245,12.792096123030433,SEGUINDO CHEIRO,0.6482721053865576,0.0,0.5107263116297153,0.5195120211167753,0.0,0.0,1.36158097548147,0.5011593735926867,0.0,1.3783673250361177e-14,5.392020115650968e-13,38.59611568912836,0.14555195117061845,0.0,0.0
10.069999999999858,-0.14495727208519518,13.008109300850744,SEGUINDO CHEIRO,0.6481203329522209,0.0,0.5062654268111665,0.5149781678401947,0.0,0.0,1.3666496176194933,0.49633356501839976,0.0,1.2681591587070412e-14,3.270425517929571e-13,30.058685122207685,0.11335597354924846,0.0,0.0
10.079999999999853,0.051151849774874684,12.977360784534746,SEGUINDO CHEIRO,0.6479685459471012,0.0,0.5153690422776991,0.5239749362986762,0.0,0.0,1.3671988261155459,0.49602721339911277,0.0,1.166762750829435e-14,1.9836133469308531e-13,23.409727511272116,10.713759548891222,0.0,0.0
10.089999999999847,0.16001112746023508,12.926737289073476,SEGUINDO CHEIRO,0.6478167443697993,0.0,0.522035760083739,0.5304373839784173,0.0,0.0,1.3831277473414327,0.4803411723652591,0.0,1.0734735520981665e-14,1.203122311928755e-13,28.33878127656935,8.343884326315221,0.0,0.0
10.099999999999842,0.278579178896801,12.919368332947709,SEGUINDO CHEIRO,0.6476649282189165,0.0,0.5275110827731601,0.5358175090014948,0.0,0.0,1.3704959903879668,0.4932158328282638,0.0,9.87643345860218e-15,7.297305695691364e-14,33.24052277516357,6.498223647191511,0.0,0.0
10.109999999999836,0.6136137444213297,13.037082276754525,SEGUINDO CHEIRO,0.6475130974930536,0.0,0.5367919309843846,0.545109872050571,0.0,0.0,1.3801249701709695,0.4838297798745443,0.0,9.086757440045106e-15,4.4260396377324405e-14,38.23278915283393,5.060821665005868,0.0,0.0
10.11999999999983,0.7613711476896398,13.225682678222194,SEGUINDO CHEIRO,0.6473612521908114,0.0,0.5391327508681497,0.5474183525832919,0.0,0.0,1.3535793383146477,0.5106183618821323,0.0,8.36022042980495e-15,2.6845287413881226e-14,29.775726131230964,3.941371875691299,0.0,0.0
10.129999999999825,0.7247378156509996,13.301014577636156,SEGUINDO CHEIRO,0.6472093923107906,0.0,0.5358233941149927,0.5443222526310677,0.0,0.0,1.3597736053638532,0.5046670683084146,0.0,7.691774111512004e-15,1.6282489885316636e-14,33.047076671508464,3.069543503163994,0.0,0.0
10.13999999999982,0.7203282955566607,13.408970418988327,SEGUINDO CHEIRO,0.6470575178515912,0.0,0.5321814370257173,0.5408011192144806,0.0,0.0,1.3546827797423378,0.5100008907318802,0.0,7.0767738098870455e-15,9.875829331905381e-15,25.73708918999153,2.39056288393586,0.0,0.0
10.149999999999814,0.7505727396379409,13.592678059024431,SEGUINDO CHEIRO,0.6469056288118138,0.0,0.5318548012713328,0.5402721469222341,0.0,0.0,1.3208209576358987,0.5441057329689691,0.0,6.510946217381653e-15,5.9899932798899456e-15,30.938528294912803,13.902016009800038,0.0,0.0
10.159999999999808,0.8992059386962303,13.607631274919203,SEGUINDO CHEIRO,0.6467537251900587,0.0,0.5355636095799876,0.5439452087387293,0.0,0.0,1.2955107114919178,0.5696590225745414,0.0,5.99035970125391e-15,3.63311457572589e-15,34.989413142923716,21.452378782628713,0.0,0.0
10.169999999999803,0.9868878436245475,13.526201243076013,SEGUINDO CHEIRO,0.6466018069849261,0.0,0.5428889017326559,0.5508909415866101,0.0,0.0,1.2624722883188677,0.6029405125423623,0.0,5.511396984759243e-15,2.2035953804266083e-15,38.992751440998454,16.707129394655624,0.0,0.0
10.179999999999797,1.11601532657559,13.46710447582658,SEGUINDO CHEIRO,0.6464498741950157,0.0,0.550340216693429,0.5580891241699293,0.0,0.0,1.250245180924745,0.6154107100666765,0.0,5.070730012632636e-15,1.3365481598298624e-15,40.99306318428347,13.01152545543308,0.0,0.0
10.189999999999792,1.4042373653460187,13.532903910182588,SEGUINDO CHEIRO,0.6462979268189273,0.0,0.5577517241548465,0.5655978051900261,0.0,0.0,1.2286632305966791,0.6372357738625943,0.0,4.665296826215934e-15,8.106574371193128e-16,43.3784638547122,10.133386213644794,0.0,0.0
10.199999999999786,1.635427725209876,13.610999151183673,SEGUINDO CHEIRO,0.6461459648552605,0.0,0.5658675790662845,0.5735971756835521,0.0,0.0,1.2478393181514438,0.618302823115583,0.0,4.2922802875478775e-15,4.916885901369295e-16,43.890448777786894,7.891889118351541,0.0,0.0
10.20999999999978,1.6667122663756,13.703949624993703,SEGUINDO CHEIRO,0.645993988302615,0.0,0.5646319101295315,0.5725771504829966,0.0,0.0,1.2482092243707932,0.6181760770461289,0.0,3.949088504581971e-15,2.9822420494892656e-16,34.1819158774958,18.49125341111857,0.0,0.0
10.219999999999775,1.6940743588285982,13.8507793228148,SEGUINDO CHEIRO,0.6458419971595902,0.0,0.5609907780158642,0.5691851147648826,0.0,0.0,1.2760761252692294,0.590552359641971,0.0,3.6333368215175094e-15,1.8088212376994803e-16,36.98403669788737,14.401002636550924,0.0,0.0
10.22999999999977,1.7588571017224444,13.9439135294581,SEGUINDO CHEIRO,0.6456899914247852,0.0,0.5622533367032146,0.570271922153796,0.0,0.0,1.2717530955697312,0.595118596182372,0.0,3.3428312491042434e-15,1.0971055386040879e-16,41.14824072728994,11.215512130359217,0.0,0.0
10.239999999999764,1.8368374713105842,14.0907292696548,SEGUINDO CHEIRO,0.6455379710967996,0.0,0.5598768182130514,0.5679647300568821,0.0,0.0,1.2780331897601478,0.5890817321817222,0.0,3.075553219786724e-15,6.654281461039214e-17,44.39132608625775,8.734649629670594,0.0,0.0
10.249999999999758,1.950780170075904,13.980726211314215,SEGUINDO CHEIRO,0.6453859361742317,0.0,0.5693092852812907,0.5768919857310716,0.0,0.0,1.2719559460018128,0.5954022294809319,0.0,2.8296455617600076e-15,4.0360257244776615e-17,56.46996112535105,6.802551971441813,0.0,0.0
10.259999999999753,2.079763476772743,13.89427353385905,SEGUINDO CHEIRO,0.6452338866556808,0.0,0.57700879088487,0.584190578690033,0.0,0.0,1.2514469886814474,0.6161544636955204,0.0,2.603399594477949e-15,2.4479733452845956e-17,43.97884994443516,5.29783280224281,0.0,0.0
10.269999999999747,2.269828520064835,13.90298721624203,SEGUINDO CHEIRO,0.6450818225397456,0.0,0.582690181547837,0.5899120662371636,0.0,0.0,1.2489295385901156,0.6189152140366665,0.0,2.395243255947683e-15,1.484770888074408e-17,46.29100653911525,15.02041941473689,0.0,0.0
10.279999999999742,2.5996143444594075,13.869702685437666,SEGUINDO CHEIRO,0.6449297438250244,0.0,0.5959857760809083,0.6030425544002364,0.0,0.0,1.2375833972663568,0.6305046789680724,0.0,2.2037301793132212e-15,9.005590662658832e-18,36.051472141826466,11.697914402258014,0.0,0.0
10.289999999999736,2.7156873277879576,13.996971336164176,SEGUINDO CHEIRO,0.6447776505101163,0.0,0.5969732268015054,0.6041783824337639,0.0,0.0,1.2423093603295678,0.6260220628725831,0.0,2.0275296428272066e-15,5.462166845724393e-18,28.076914734931375,9.110344896780802,0.0,0.0
10.29999999999973,2.7415506314266413,14.10967892413393,SEGUINDO CHEIRO,0.6446255425936189,0.0,0.593762608923218,0.6013263229455391,0.0,0.0,1.2600094206988035,0.6085653728333881,0.0,1.8654173233785583e-15,3.3129716603976912e-18,43.14384806677815,7.0951437396634605,0.0,0.0
10.309999999999725,2.793048473229151,14.169309780602656,SEGUINDO CHEIRO,0.6444734200741307,0.0,0.5929920953243613,0.6007008265958989,0.0,0.0,1.2696255192763994,0.5991926679503942,0.0,1.7162667893272247e-15,2.0094188867902705e-18,53.565447662409056,5.5257035004540755,0.0,0.0
10.31999999999972,2.8968641164075657,14.385429444343712,SEGUINDO CHEIRO,0.6443212829502497,0.0,0.5922085161528952,0.5997075857211326,0.0,0.0,1.2520733740517842,0.6169882302364152,0.0,1.5790416735343144e-15,1.2187741630439284e-18,53.757056348863856,4.303422213174035,0.0,0.0
10.329999999999714,3.0476669996993553,14.271397924048484,SEGUINDO CHEIRO,0.644169131220574,0.0,0.6014038867024107,0.6084860565489706,0.0,0.0,1.2299886736275558,0.6393163710910966,0.0,1.4527884722021854e-15,7.392238971517464e-19,41.86603758010879,3.3515085895068153,0.0,0.0
10.339999999999709,3.115725452957156,14.168186369864323,SEGUINDO CHEIRO,0.6440169648837011,0.0,0.6074376331573136,0.6139705211898699,0.0,0.0,1.2286076852875416,0.640940823232855,0.0,1.3366299194874883e-15,4.483619580147927e-19,32.60530285148556,2.6101575139784456,0.0,0.0
10.349999999999703,3.209965763457282,14.106842518147559,SEGUINDO CHEIRO,0.6438647839382287,0.0,0.6128592288048222,0.6191453302866913,0.0,0.0,1.2195682818883276,0.650223713807348,0.0,1.229758891850906e-15,2.719452741847603e-19,37.43327915682661,2.0327927158261234,0.0,0.0
10.359999999999697,3.5403735380976067,13.98938423440507,SEGUINDO CHEIRO,0.6437125883827545,0.0,0.6262858291097069,0.6325857830413555,0.0,0.0,1.2082945833066407,0.6617409229400923,0.0,1.131432799788172e-15,1.6494314655701564e-19,29.15306712026704,1.583140558907232,0.0,0.0
10.369999999999692,3.753197015797749,14.066349911396147,SEGUINDO CHEIRO,0.6435603782158756,0.0,0.6316813701098013,0.6380394056961436,0.0,0.0,1.2260685473546504,0.6442104928211629,0.0,1.0409684279735253e-15,1.0004307549630428e-19,34.447400588277766,1.2329511069890533,0.0,0.0
10.379999999999686,3.767169970929812,14.154559729717912,SEGUINDO CHEIRO,0.6434081534361896,0.0,0.6295249960757574,0.6362439723321487,0.0,0.0,1.2362940570598127,0.6342285404253479,0.0,9.577371879625091e-16,6.067919258045423e-20,38.867906316734434,0.9602232876118294,0.0,0.0
10.38999999999968,3.8321807469839246,14.250344591911785,SEGUINDO CHEIRO,0.6432559140422935,0.0,0.6279887847862194,0.6350421528462299,0.0,0.0,1.250587778633962,0.6201783995430579,0.0,8.811607504677008e-16,3.680379070665284e-20,30.270355875818765,0.7478226483154913,0.0,0.0
10.399999999999675,3.9835823628580598,14.391970708373396,SEGUINDO CHEIRO,0.6431036600327841,0.0,0.6306580786579491,0.6372566143449383,0.0,0.0,1.2407334666985355,0.6302763155551004,0.0,8.10707026858391e-16,2.232262745723184e-20,45.3703124135451,0.582404864106636,0.0,0.0
10.40999999999967,4.13013328442153,14.351007144727713,SEGUINDO CHEIRO,0.6429513914062583,0.0,0.6353604913345104,0.6418570350162148,0.0,0.0,1.2265375109140404,0.6447158988032128,0.0,7.458864719618074e-16,1.3539357958154174e-20,35.33443483586319,0.453577364230843,0.0,0.0
10.419999999999664,4.163695409654013,14.236066877372393,SEGUINDO CHEIRO,0.642799108161313,0.0,0.6414042548992759,0.6472387420065983,0.0,0.0,1.1855071015633178,0.6859899590067997,0.0,6.862486824760323e-16,8.212035714444745e-21,38.14396334748102,0.35324640644644417,0.0,0.0
10.429999999999659,4.252705105999942,14.134236352392234,SEGUINDO CHEIRO,0.6426468102965446,0.0,0.6483368475490646,0.6537145844620286,0.0,0.0,1.1610470019431018,0.7106937328713727,0.0,6.313792673588056e-16,4.980851439465878e-21,29.706548524465166,0.2751085779576504,0.0,0.0
10.439999999999653,4.5173449193243735,14.037164132278741,SEGUINDO CHEIRO,0.6424944978105495,0.0,0.6576461254856433,0.6631965804460812,0.0,0.0,1.1767977737557676,0.6951866586968015,0.0,5.808969684462233e-16,3.0210391095098587e-21,44.92440941273978,0.21425477594307868,0.0,0.0
10.449999999999648,4.745544354987729,13.9830448754252,SEGUINDO CHEIRO,0.6423421707019239,0.0,0.6672904594115543,0.6727154082527811,0.0,0.0,1.1569726711265358,0.7152554823601122,0.0,5.344510112940541e-16,1.8323528441086818e-21,44.84488307364821,0.16686178728125795,0.0,0.0
10.459999999999642,4.821899989956499,14.049099857198366,SEGUINDO CHEIRO,0.6421898289692641,0.0,0.6679586673699254,0.6737000265091053,0.0,0.0,1.1781114012953964,0.6943604966235611,0.0,4.917186678340877e-16,1.1113781793635588e-21,34.9252300545028,0.1299520905993378,0.0,0.0
10.469999999999636,4.922845209969486,14.161038933648284,SEGUINDO CHEIRO,0.6420374726111663,0.0,0.6666169091663351,0.6727841344013537,0.0,0.0,1.2008565137854363,0.6718591519663066,0.0,4.524030139097238e-16,6.740849403196048e-22,27.199796515395732,0.10120678992053037,0.0,0.0
10.479999999999631,5.033733478471933,14.208801381972158,SEGUINDO CHEIRO,0.6418851016262261,0.0,0.6688810601070746,0.6748582482249099,0.0,0.0,1.1647541121943064,0.7082053447929447,0.0,4.1623086610911344e-16,4.0885318355440113e-22,32.07768590534188,10.704297755167495,0.0,0.0
10.489999999999625,5.201035625386666,14.320781258576638,SEGUINDO CHEIRO,0.6417327160130396,0.0,0.6699009961737852,0.6759084379744579,0.0,0.0,1.1410111266836256,0.7321921449441032,0.0,3.829508835600156e-16,2.4798199114686134e-22,35.34526074781158,8.336515473953922,0.0,0.0
10.49999999999962,5.25917661905321,14.167381700045794,SEGUINDO CHEIRO,0.6415803157702022,0.0,0.6780745508079238,0.6834074381315547,0.0,0.0,1.1391321098231901,0.7343149998522333,0.0,3.5233182149675674e-16,1.5040868068715823e-22,27.52691674825863,6.492484779202194,0.0,0.0
10.509999999999614,5.334610543879051,14.059296602948903,SEGUINDO CHEIRO,0.6414279008963095,0.0,0.6839863847493322,0.6887677151072121,0.0,0.0,1.126810175082651,0.7468807960499307,0.0,3.241609244642668e-16,9.122747632368892e-23,31.80111816469795,5.056352230121844,0.0,0.0
10.519999999999609,5.475425911494169,13.966229239705731,SEGUINDO CHEIRO,0.6412754713899568,0.0,0.6899759354016956,0.6947473709988988,0.0,0.0,1.1212813587255128,0.7526534972759389,0.0,2.982424479944267e-16,5.53322613985257e-23,35.93699345489513,3.937891076303734,0.0,0.0
10.529999999999603,5.691564785052522,13.7866936571911,SEGUINDO CHEIRO,0.6411230272497392,0.0,0.7020051192422326,0.7066316244806592,0.0,0.0,1.1042738787346136,0.7699048855496663,0.0,2.7439629848264864e-16,3.3560713009439674e-23,39.15801636958637,14.809801739955827,0.0,0.0
10.539999999999598,5.865717746362882,13.841552951162623,SEGUINDO CHEIRO,0.6409705684742519,0.0,0.7055418434056244,0.7104956910343532,0.0,0.0,1.1082012312903804,0.7662214646929351,0.0,2.5245678181392156e-16,2.0355601402041808e-23,51.2290387993844,11.533885192209842,0.0,0.0
10.549999999999592,5.935835289356332,13.948522770710666,SEGUINDO CHEIRO,0.6408180950620899,0.0,0.7032169564277919,0.7086667112556442,0.0,0.0,1.1283778357411616,0.746288815359644,0.0,2.3227145204319226e-16,1.234629634722782e-23,50.79167861272475,8.9825988195487,0.0,0.0
10.559999999999587,6.02334585341637,13.98744299908826,SEGUINDO CHEIRO,0.6406656070118479,0.0,0.7034818113094828,0.709178718881904,0.0,0.0,1.1134697801322302,0.7614408495067684,0.0,2.1370005213018173e-16,7.488407268491767e-24,39.55659907710113,6.995654994680801,0.0,0.0
10.569999999999581,6.2380002775548995,14.138601592249282,SEGUINDO CHEIRO,0.6405131043221207,0.0,0.7059945313362297,0.7114511654404836,0.0,0.0,1.103958599099136,0.7711960325010074,0.0,1.9661353936836892e-16,4.541948600755192e-24,30.806710336887953,5.448221587954789,0.0,0.0
10.579999999999576,6.344693688943112,13.96994512480062,SEGUINDO CHEIRO,0.6403605869915029,0.0,0.7145569473930804,0.7195323705492817,0.0,0.0,1.0613610995292315,0.814037557457257,0.0,1.808931887363704e-16,2.7548310811969183e-24,36.33733412005596,4.24307923904572,0.0,0.0
10.58999999999957,6.3756074609362905,13.868263982934037,SEGUINDO CHEIRO,0.6402080550185888,0.0,0.7190746295029115,0.7234538054446327,0.0,0.0,1.0523528703562126,0.8232898354440699,0.0,1.6642976794138564e-16,1.6708895130752337e-24,51.79282217753287,3.3045134340028253,0.0,0.0
10.599999999999564,6.44410257501976,13.779943233369416,SEGUINDO CHEIRO,0.6400555084019727,0.0,0.7238428065010999,0.7279415876145193,0.0,0.0,1.0327853614249072,0.8431014166188675,0.0,1.5312277842252631e-16,1.0134457186724423e-24,40.33629046934061,2.573557650071376,0.0,0.0
10.609999999999559,6.656445398550094,13.569108911796093,SEGUINDO CHEIRO,0.6399029471402489,0.0,0.7348892302791348,0.7391210982444777,0.0,0.0,1.0187329792503372,0.8573978944688768,0.0,1.4087975704016877e-16,6.146859003293403e-25,54.38445641747703,2.0042887131549905,0.0,0.0
10.619999999999553,6.8701640712208585,13.576605548340705,SEGUINDO CHEIRO,0.6397503712320114,0.0,0.7406114941470995,0.7450148883884238,0.0,0.0,1.0119637881503856,0.8644112046784649,0.0,1.2961563359914334e-16,3.7282584464280884e-25,52.4619244041462,1.5609416193062844,0.0,0.0
10.629999999999548,6.921398677052117,13.651819291316796,SEGUINDO CHEIRO,0.639597780675854,0.0,0.7390522438710915,0.7439978492512617,0.0,0.0,1.041944065806103,0.8346750695688311,0.0,1.1925213974153268e-16,2.261303055091226e-25,40.857387807381876,1.2156625554444807,0.0,0.0
10.639999999999542,7.018529361562697,13.733003111765875,SEGUINDO CHEIRO,0.6394451754703703,0.0,0.7383524321103869,0.7437577718064696,0.0,0.0,1.0642855978828067,0.8125777034769075,0.0,1.097172651017927e-16,1.3715496338146746e-25,53.88448642409198,0.9467589501307462,0.0,0.0
10.649999999999537,7.2431828862738845,13.833327475338592,SEGUINDO CHEIRO,0.6392925556141535,0.0,0.7412528536063885,0.7464999080292973,0.0,0.0,1.0543522907927878,0.8227551999926551,0.0,1.0094475694530916e-16,8.318869042262356e-26,41.965280222483294,0.7373366117416859,0.0,0.0
10.659999999999531,7.417796964308055,13.772507608165126,SEGUINDO CHEIRO,0.6391399211057976,0.0,0.7466396559202684,0.7517342167807777,0.0,0.0,1.0470161351357021,0.8303355685186664,0.0,9.28736598136463e-17,5.045649128266392e-26,32.68259309908092,0.5742383306116409,0.0,0.0
10.669999999999526,7.422226027201835,13.658141531780721,SEGUINDO CHEIRO,0.638987271943896,0.0,0.7514652556906207,0.7559881766537181,0.0,0.0,1.039909570137633,0.8376863698311097,0.0,8.544789197772911e-17,3.0603408944458886e-26,36.34769217813712,0.44721726154996183,0.0,0.0
10.67999999999952,7.489886499640376,13.54914679737224,SEGUINDO CHEIRO,0.638834608127042,0.0,0.7572802171389718,0.7613723928271041,0.0,0.0,1.023968523798573,0.8538716759322424,0.0,7.861585575595945e-17,1.856190581653815e-26,38.9330889590968,0.34829315349815937,0.0,0.0
10.689999999999515,7.656704561578948,13.390006594829575,SEGUINDO CHEIRO,0.6386819296538282,0.0,0.7646275421812435,0.7688219601434565,0.0,0.0,1.0327804692479665,0.8453040136948718,0.0,7.233007898957503e-17,1.1258364980428652e-26,30.32112016873324,0.2712509806827754,0.0,0.0
10.699999999999509,7.8468802183423145,13.280197359067072,SEGUINDO CHEIRO,0.6385292365228479,0.0,0.7728699439511146,0.7770137267630213,0.0,0.0,1.059452622973543,0.81887616663352,0.0,6.654688518405628e-17,6.828543538865002e-27,35.06714627730829,0.21125047616463188,0.0,0.0
10.709999999999503,7.941594276702287,13.344717864198516,SEGUINDO CHEIRO,0.6383765287326937,0.0,0.7728896321662846,0.7775468138961126,0.0,0.0,1.0562831900248573,0.8222899297008834,0.0,6.122609002456985e-17,4.141721017504231e-27,39.053290066927765,0.1645220362612224,0.0,0.0
10.719999999999498,8.073804557961049,13.429758372660197,SEGUINDO CHEIRO,0.6382238062819583,0.0,0.7722254538500853,0.7773132860338406,0.0,0.0,1.0676462323483735,0.8111712409527494,0.0,5.633072215669763e-17,2.5120807810925214e-27,30.41473288563805,9.985847734658847,0.0,0.0
10.729999999999492,8.22906529106148,13.46916044021286,SEGUINDO CHEIRO,0.6380710691692343,0.0,0.77426944495205,0.7793603832027036,0.0,0.0,1.035230659372641,0.8438311909628206,0.0,5.1826766292305925e-17,1.523654013407475e-27,35.14005193453919,7.77698603538412,0.0,0.0
10.739999999999487,8.432512047909999,13.52949401089031,SEGUINDO CHEIRO,0.637918317393114,0.0,0.7761772580728095,0.7813203699888481,0.0,0.0,1.0526535935308243,0.8266526573001856,0.0,4.768292685553535e-17,9.241428739258375e-28,37.99257779171418,6.056722814292528,0.0,0.0
10.749999999999481,8.474658343861428,13.372576144849022,SEGUINDO CHEIRO,0.6377655509521897,0.0,0.7834011940314729,0.7879564118841402,0.0,0.0,1.0315336518367522,0.8480170229532664,0.0,4.3870410526613864e-17,5.605209869909672e-28,39.446367179074365,4.716980470617462,0.0,0.0
10.759999999999476,8.527931494998343,13.250369072280824,SEGUINDO CHEIRO,0.6376127698450534,0.0,0.788450975641317,0.7925443797719309,0.0,0.0,1.0013121381904748,0.8784829840242663,0.0,4.036272617250655e-17,3.3997316402240768e-28,52.5097878079229,3.673588084249401,0.0,0.0
10.76999999999947,8.637106544477202,13.138098043565458,SEGUINDO CHEIRO,0.6374599740702973,0.0,0.7936471637781882,0.7976047611336198,0.0,0.0,1.018943151976178,0.8610964411312528,0.0,3.7135500774227456e-17,2.062041474591023e-28,62.690399417330994,2.860993276695214,0.0,0.0
10.779999999999465,8.79090543070613,12.923444359334958,SEGUINDO CHEIRO,0.6373071636265133,0.0,0.8032490687726968,0.8071238985593171,0.0,0.0,1.02557115890276,0.854712928567579,0.0,3.4166310071790886e-17,1.2506913759385048e-28,60.566301243357074,2.2281438042522557,0.0,0.0
10.78999999999946,8.969129161852424,12.966635200026088,SEGUINDO CHEIRO,0.6371543385122925,0.0,0.8054086099579668,0.8097179578202752,0.0,0.0,1.0548163162622377,0.8257122890434834,0.0,3.143452275004479e-17,7.585826653448827e-29,58.063545915833885,1.7352801395473545,0.0,0.0
10.799999999999454,9.066074166668475,13.051366226633077,SEGUINDO CHEIRO,0.637001498726227,0.0,0.8035954280814771,0.8083718834356269,0.0,0.0,1.0692065166559714,0.8115666299598577,0.0,2.892115708271711e-17,4.601036444581997e-29,45.21993502715389,1.3514375315277358,0.0,0.0
10.809999999999448,9.17362812482358,13.082138113040342,SEGUINDO CHEIRO,0.6368486442669083,0.0,0.8037568195076583,0.8088081928594673,0.0,0.0,1.0735852502107874,0.8074324611921294,0.0,2.6608749038571168e-17,2.790669670094188e-29,46.38757853526758,1.0525006078258865,0.0,0.0
10.819999999999443,9.428098484688283,13.196700710439123,SEGUINDO CHEIRO,0.6366957751329276,0.0,0.8055933374224201,0.8105749633264001,0.0,0.0,1.0748684060835516,0.8063938935856875,0.0,2.448123093321078e-17,1.6926267160422648e-29,47.86965157413324,0.8196882975579295,0.0,0.0
10.829999999999437,9.529461588434774,13.024721299888467,SEGUINDO CHEIRO,0.6365428913228761,0.0,0.8130480988242704,0.8176037419106398,0.0,0.0,1.0449924312795862,0.8365144801374622,0.0,2.2523819783351197e-17,1.026629998728343e-29,49.02389121737083,0.6383738880125817,0.0,0.0
10.839999999999431,9.533828053802736,12.917398034888912,SEGUINDO CHEIRO,0.6363899928353449,0.0,0.8167954547586914,0.8208940633299986,0.0,0.0,1.0261307584427544,0.8556207882058462,0.0,2.0722914587789722e-17,6.2268257040948186e-30,48.28711202859818,0.4971660838765355,0.0,0.0
10.849999999999426,9.593037599228532,12.81765766784387,SEGUINDO CHEIRO,0.6362370796689247,0.0,0.8211533381994449,0.8249212620770787,0.0,0.0,1.0101085057014982,0.8718876996646506,0.0,1.906600182133646e-17,3.776760702220213e-30,37.60604066012889,0.38719333543958945,0.0,0.0
10.85999999999942,9.752157230528526,12.57784325762633,SEGUINDO CHEIRO,0.6360841518222062,0.0,0.8299654676340416,0.8337924347176292,0.0,0.0,1.0238112605505754,0.8584296270213738,0.0,1.7541568485033118e-17,2.2907211602943743e-30,29.28761391432346,0.3015464728403813,0.0,0.0
10.869999999999415,9.966137769528219,12.552804946612943,SEGUINDO CHEIRO,0.6359312092937802,0.0,0.8343776278246752,0.8384075715697537,0.0,0.0,1.0343643720642488,0.8481212212040075,0.0,1.613902210849248e-17,1.3893926165710358e-30,56.15287266691534,0.23484462918050888,0.0,0.0
10.87999999999941,10.028723385898223,12.628484546769695,SEGUINDO CHEIRO,0.6357782520822373,0.0,0.8324906944659983,0.8369877342528104,0.0,0.0,1.0347934820166265,0.8479368404406984,0.0,1.484861714849767e-17,8.427092203286923e-31,43.731901204702545,0.18289718110589392,0.0,0.0
10.889999999999404,10.136564385881927,12.68516987815992,SEGUINDO CHEIRO,0.6356252801861675,0.0,0.8318042086444564,0.8366634330922297,0.0,0.0,1.0615776929785818,0.8213973821628286,0.0,1.3661387272444471e-17,5.111289793518807e-31,34.05843890342365,0.14244046786682268,0.0,0.0
10.899999999999398,10.38471664535203,12.745780748706911,SEGUINDO CHEIRO,0.6354722936041612,0.0,0.8340779799692046,0.8388055129468358,0.0,0.0,1.0653167700524655,0.8179030812703036,0.0,1.2569083056100661e-17,3.100153970445412e-31,26.524738888175925,0.11093274791573872,0.0,0.0
10.909999999999393,10.542215623003896,12.649568704118968,SEGUINDO CHEIRO,0.6353192923348087,0.0,0.8383160265614267,0.8429358801011249,0.0,0.0,1.0621361115008163,0.82132853950284,0.0,1.1564114662777479e-17,1.8803384329049956e-31,20.657487416875945,0.08639451094504004,0.0,0.0
10.919999999999387,10.532472427321219,12.53547000898221,SEGUINDO CHEIRO,0.6351662763766996,0.0,0.8426135485210808,0.84675021201144,0.0,0.0,1.0324453936838998,0.8512640805024289,0.0,1.063949910562148e-17,1.1404829101928864e-31,27.831036462631257,0.0672841127770682,0.0,0.0
10.929999999999382,10.580952146304016,12.41229398131047,SEGUINDO CHEIRO,0.6350132457284241,0.0,0.847525235168404,0.8512903290632309,0.0,0.0,1.0217230800662813,0.8622312408067597,0.0,9.788811726580724e-18,6.917378519102754e-32,31.782100150088453,0.0524009197190454,0.0,0.0
10.939999999999376,10.719232117989758,12.232796512521455,SEGUINDO CHEIRO,0.6348602003885718,0.0,0.8532227380025177,0.8570279540027138,0.0,0.0,1.018430942519527,0.8657682485465237,0.0,9.006141554898617e-18,4.1956021566733935e-32,46.54766003815004,0.04080987731085436,0.0,0.0
10.94999999999937,10.891479348432508,12.09388388968544,SEGUINDO CHEIRO,0.6347071403557322,0.0,0.8596660159240423,0.863416119236457,0.0,0.0,1.0039255798176474,0.8805185049499674,0.0,8.286050234945523e-18,2.5447613439788615e-32,36.25135408785276,0.03178276440674132,0.0,0.0
10.959999999999365,10.992489107836793,12.151110097886543,SEGUINDO CHEIRO,0.6345540656284945,0.0,0.8589496155883662,0.8631338496125696,0.0,0.0,1.025316962498375,0.8593720394816149,0.0,7.62353423799962e-18,1.5434757767747065e-32,28.232582951018497,0.024752441808144104,0.0,0.0
10.96999999999936,11.137628558226758,12.216014747653798,SEGUINDO CHEIRO,0.634400976205448,0.0,0.8578467353531066,0.8623952654036579,0.0,0.0,1.0369481087673276,0.8479858339381053,0.0,7.013990095406964e-18,9.361653811376319e-33,31.845275554367703,0.019277221063111995,0.0,0.0
10.979999999999354,11.300601099196513,12.236633025146654,SEGUINDO CHEIRO,0.6342478720851822,0.0,0.8588134057745058,0.8634417566792109,0.0,0.0,1.0126307289792935,0.8725481779669084,0.0,6.453182411544571e-18,5.6781300622153666e-33,35.695588618635036,0.015013114859392192,0.0,0.0
10.989999999999348,11.521582890087744,12.269202993124047,SEGUINDO CHEIRO,0.6340947532662858,0.0,0.8594558640558492,0.8641581158724144,0.0,0.0,1.0125018845828297,0.8729220101217234,0.0,5.93721443432577e-18,3.4439599725696226e-33,38.97001009406979,0.011692225608835576,0.0,0.0
10.999999999999343,11.553321041252817,12.114592705287885,SEGUINDO CHEIRO,0.6339416197473478,0.0,0.8653312732656345,0.8695772806215846,0.0,0.0,0.9848165741653275,0.9008523318174184,0.0,5.462500978758022e-18,2.088867314186556e-33,41.244337457330914,0.009105914460008673,0.0,0.0
11.009999999999337,11.58709386388647,11.985723791000673,SEGUINDO CHEIRO,0.6337884715269566,0.0,0.8694143365800056,0.8733268325471241,0.0,0.0,0.9690032866452649,0.9169106541377728,0.0,5.02574351541353e-18,1.2669620701257285e-33,32.121122309030575,0.007091693312035977,0.0,0.0
11.019999999999332,11.68028860833448,11.863487498725803,SEGUINDO CHEIRO,0.6336353086037013,0.0,0.8733020555529903,0.8770812436526867,0.0,0.0,0.9655049639185803,0.920654035189106,0.0,4.6239072507157584e-18,7.684513402242417e-34,35.64143303533061,0.0055230163047158614,0.0,0.0
11.029999999999326,11.797122453557158,11.631748279802038,SEGUINDO CHEIRO,0.6334821309761702,0.0,0.8804444548391325,0.8841077081838666,0.0,0.0,0.9808247740600649,0.9055793068988854,0.0,4.254200039785064e-18,4.660892983432666e-34,38.65203903747132,0.004301329423028847,0.0,0.0
11.03999999999932,11.974040832189383,11.65763863272983,SEGUINDO CHEIRO,0.6333289386429516,0.0,0.8808915056217369,0.8849252363064354,0.0,0.0,0.9894996491686248,0.8971495371704635,0.0,3.914052985320093e-18,2.8269744960913994e-34,30.102238269689153,0.0033498787229029373,0.0,0.0
11.049999999999315,12.080648274773822,11.73824775441005,SEGUINDO CHEIRO,0.6331757316026336,0.0,0.8786003991134441,0.8830022457598614,0.0,0.0,1.0079577604851628,0.8789365547651972,0.0,3.6011025877069795e-18,1.714646706105106e-34,23.44364673663591,0.002608888172591044,0.0,0.0
11.05999999999931,12.196506487421512,11.752681620792513,SEGUINDO CHEIRO,0.6330225098538045,0.0,0.8782103561625101,0.8828166085611335,0.0,0.0,1.0201012551091195,0.8670382125859035,0.0,3.3131743223270095e-18,1.0399857978280238e-34,40.32265124199235,11.172289529833867,0.0,0.0
11.069999999999304,12.468725251864154,11.835325024219966,SEGUINDO CHEIRO,0.632869273395052,0.0,0.8780315927061197,0.8826826347022366,0.0,0.0,0.9983894222610343,0.8889952214143036,0.0,3.0482675299502585e-18,6.307832720484008e-35,41.76644620839154,8.700987834535068,0.0,0.0
11.079999999999298,12.56801416101992,11.658441579490507,SEGUINDO CHEIRO,0.6327160222249638,0.0,0.8834886194377792,0.8878470824162623,0.0,0.0,0.9925172571761779,0.8951125860173855,0.0,2.804541515226659e-18,3.825893941312101e-35,44.872784999038714,6.776336139030675,0.0,0.0
11.089999999999293,12.55777015193171,11.550223852661263,SEGUINDO CHEIRO,0.6325627563421277,0.0,0.886719593700982,0.8907691053223613,0.0,0.0,1.0048905140177713,0.8829845522341884,0.0,2.580302756680347e-18,2.320521976214596e-35,46.117217821528236,15.384683050734571,0.0,0.0
11.099999999999287,12.604435730957693,11.44564983149121,SEGUINDO CHEIRO,0.6324094757451313,0.0,0.890038901043976,0.8938491912960782,0.0,0.0,1.0364300831061353,0.8516902297466515,0.0,2.373993139336399e-18,1.407467725111103e-35,35.91612535248073,11.98160320721745,0.0,0.0
11.109999999999282,12.731729959353848,11.196135538306669,SEGUINDO CHEIRO,0.6322561804325618,0.0,0.8959538821659706,0.8997589508311125,0.0,0.0,1.0503327837266476,0.8380327992716565,0.0,2.1841791282147868e-18,8.536723278358765e-36,50.63722814113731,9.331281960231802,0.0,0.0
11.119999999999276,12.943389430033235,11.154420755137687,SEGUINDO CHEIRO,0.6321028704030068,0.0,0.8978632289716159,0.9018153681288843,0.0,0.0,1.0649179907098327,0.8236928859809399,0.0,2.009541807463959e-18,5.177784401807136e-36,50.889347075179764,7.267209697688596,0.0,0.0
11.12999999999927,13.014335160296472,11.22725757066115,SEGUINDO CHEIRO,0.6319495456550529,0.0,0.8956978486812567,0.8999635566440642,0.0,0.0,1.0525576538885717,0.8362985400438819,0.0,1.8488677159213308e-18,3.1404849890778646e-36,62.60318516590141,5.659708603303981,0.0,0.0
11.139999999999265,13.125745371856514,11.271690354881182,SEGUINDO CHEIRO,0.6317962061872875,0.0,0.8941642136600323,0.8986739621765891,0.0,0.0,1.025540480003096,0.8635610547225107,0.0,1.7010404154218943e-18,1.90480043224302e-36,48.755409629968135,4.407785492209105,0.0,0.0
11.14999999999926,13.382464157192736,11.31172911452639,SEGUINDO CHEIRO,0.6316428519982971,0.0,0.8941032894461641,0.8986233842491382,0.0,0.0,1.0330592225438182,0.8562876765286753,0.0,1.5650327332676575e-18,1.1553198627892681e-36,62.05876427070055,3.4327867929432268,0.0,0.0
11.159999999999254,13.535815541433472,11.201679229971047,SEGUINDO CHEIRO,0.6314894830866685,0.0,0.8961779073948763,0.9006274554004906,0.0,0.0,1.046144692141945,0.8434475948334303,0.0,1.4398996249549717e-18,7.0073691855668404e-37,48.33141421046529,2.6734570424613597,0.0,0.0
11.169999999999249,13.51825254783318,11.091770352093011,SEGUINDO CHEIRO,0.6313360994509883,0.0,0.8997251493914026,0.9038882064832815,0.0,0.0,1.0416778188009939,0.8481598796355196,0.0,1.3247716075666788e-18,4.250184254971834e-37,37.640543234058775,2.0820904381766674,0.0,0.0
11.179999999999243,13.555129463047527,10.962307014842406,SEGUINDO CHEIRO,0.631182701089843,0.0,0.9034235603241946,0.9073438512191409,0.0,0.0,1.0330131542034737,0.8570699792546962,0.0,1.2188487182012325e-18,2.577867060068314e-37,29.31448454591803,1.621533663677472,0.0,0.0
11.189999999999237,13.67745568342315,10.771097764137066,SEGUINDO CHEIRO,0.6310292880018188,0.0,0.9069183017095841,0.9108184819825429,0.0,0.0,1.0367959546498315,0.8535326373927749,0.0,1.1213949554591536e-18,1.563555408594702e-37,22.830143519695543,1.2628516870486586,0.0,0.0
11.199999999999232,13.839435266683903,10.618759841778532,SEGUINDO CHEIRO,0.6308758601855019,0.0,0.9106693744185156,0.9144912381116257,0.0,0.0,1.0244411360395052,0.8661329381525794,0.0,1.031733165363693e-18,9.483442934722009e-38,40.232444795907554,0.9835098827765396,0.0,0.0
11.209999999999226,13.943100740735108,10.668072987109786,SEGUINDO CHEIRO,0.6307224176394784,0.0,0.9089282914464398,0.9130088495686953,0.0,0.0,1.035573292595656,0.8552462873132112,0.0,9.492403361806976e-19,5.751998899544053e-38,41.44032667123227,0.7659582668648341,0.0,0.0
11.21999999999922,14.09256776456873,10.722537823718781,SEGUINDO CHEIRO,0.6305689603623343,0.0,0.9066793939312269,0.9109923971655665,0.0,0.0,1.0619852993649117,0.8290798098303052,0.0,3.914232420937201,3.488763687206797e-38,44.618802848124176,0.5965288980343486,0.0,0.0
11.229999999999215,14.258205938352262,10.727516387125377,SEGUINDO CHEIRO,0.6304154883526549,0.0,0.9062150436494251,0.9105873416766457,0.0,0.0,1.0907716135176206,0.8005390485357756,0.0,3.601267676444286,2.1160421407830182e-38,34.749158597827716,0.46457717291387274,0.0,0.0
11.23999999999921,14.471955698788728,10.740839363996765,SEGUINDO CHEIRO,0.630262001609026,0.0,0.9044903836629175,0.9089569034729978,0.0,0.0,1.1046284891551947,0.7869277493304743,0.0,3.313326211297686,1.2834444356288573e-38,38.23292965274277,0.36181306606242336,0.0,0.0
11.249999999999204,14.483067717773014,10.579279196817229,SEGUINDO CHEIRO,0.6301085001300334,0.0,0.9089439838217619,0.9131474698686294,0.0,0.0,1.1106775773662652,0.7811242611280319,0.0,3.048407274549373,7.784484002464793e-39,29.77583555266998,0.2817802991748811,0.0,0.0
11.259999999999199,14.4981438044812,10.446839650936388,SEGUINDO CHEIRO,0.6299549839142621,0.0,0.912132447996103,0.9161295369412007,0.0,0.0,1.1277039437549905,0.7643435183265543,0.0,2.8046700864645486,4.721528217537411e-39,34.08390712479356,0.21945071765149204,0.0,0.0
11.269999999999193,14.57791258243734,10.3177283786053,SEGUINDO CHEIRO,0.6298014529602973,0.0,0.9143040875020731,0.9182226925497178,0.0,0.0,1.121444536864907,0.7708485723847686,0.0,2.5804210479296494,2.8637516246347806e-39,37.99760770521893,0.17090839075256367,0.0,0.0
11.279999999999188,14.692068980875407,10.057175881811546,SEGUINDO CHEIRO,0.6296479072667244,0.0,0.9189853098863947,0.9227331145053836,0.0,0.0,1.1058953745685822,0.7866434054323705,0.0,2.374101972539619,1.736953162142859e-39,29.592566635664532,0.13310358855157015,0.0,0.0
11.289999999999182,14.879023273765759,10.056174111254252,SEGUINDO CHEIRO,0.6294943468321279,0.0,0.9175667098791918,0.9214796421395736,0.0,0.0,1.131807385864313,0.760977088473329,0.0,2.1842792595955354,1.0535153473244528e-39,23.046714068948255,0.10366117899357684,0.0,0.0
11.299999999999176,14.992406760394962,10.119086180629427,SEGUINDO CHEIRO,0.629340771655093,0.0,0.9151497145047838,0.9192610594681438,0.0,0.0,1.1233541661865523,0.7696760260754532,0.0,2.0096339327815462,6.389893586300844e-40,40.054901895813,0.08073140737430266,0.0,0.0
11.309999999999171,15.096364118580302,10.122196790132822,SEGUINDO CHEIRO,0.6291871817342041,0.0,0.9138330260484914,0.9180353034662695,0.0,0.0,1.127927442435427,0.765348491340882,0.0,1.8489524753052229,3.8756663723925756e-40,41.82026679023269,0.06287368328156347,0.0,0.0
11.319999999999165,15.360341237530244,10.184393412271787,SEGUINDO CHEIRO,0.6290335770680457,0.0,0.9109380016526172,0.9152637930445172,0.0,0.0,1.1180687552519522,0.7754529436308655,0.0,1.7011183978196318,2.3507104816733376e-40,42.932790370101024,0.04896607377426508,0.0,0.0
11.32999999999916,15.41167184824876,9.987608833447593,SEGUINDO CHEIRO,0.6288799576552025,0.0,0.9144956341246763,0.9186467936198287,0.0,0.0,1.0731626831888603,0.8206048043949349,0.0,1.5651044805371352,1.4257779792427322e-40,45.17905984575571,12.078378580408685,0.0,0.0
11.339999999999154,15.393360536422938,9.880562202543242,SEGUINDO CHEIRO,0.6287263234942586,0.0,0.9172453180826018,0.9212407547463463,0.0,0.0,1.0666672646542754,0.827346035227232,0.0,1.4399656356295198,8.647780583538399e-41,35.18548718630439,9.406650696655165,0.0,0.0
11.349999999999149,15.426774671239084,9.773272835880713,SEGUINDO CHEIRO,0.6285726745837982,0.0,0.9192886692254425,0.923169119549474,0.0,0.0,1.049579905886433,0.8446792298917867,0.0,1.3248323403191031,5.245144062383648e-41,27.402484973442725,17.951384756559456,0.0,0.0
11.359999999999143,15.536511923530597,9.491713189245049,SEGUINDO CHEIRO,0.628419010922405,0.0,0.9224489891069605,0.9262062965110974,0.0,0.0,1.0442728286590484,0.850232166617149,0.0,1.2189045950308854,3.181340688445356e-41,31.19879459940569,24.875015585393395,0.0,0.0
11.369999999999138,15.745264734906861,9.419364605712854,SEGUINDO CHEIRO,0.6282653325086629,0.0,0.9217229569738769,0.9255234334648772,0.0,0.0,1.0554477871488455,0.8393030912288613,0.0,1.121446364624183,1.9295806665334054e-41,36.04061475098164,19.372681616817765,0.0,0.0
11.379999999999132,15.821147831587467,9.473159515612407,SEGUINDO CHEIRO,0.6281116393411559,0.0,0.9196055595949995,0.9235345621708803,0.0,0.0,1.0786688007025123,0.8163279843825015,0.0,1.0317804640788393,1.1703498346412495e-41,40.10870275424866,15.087459613370674,0.0,0.0
11.389999999999127,15.9362801619988,9.51050388810165,SEGUINDO CHEIRO,0.6279579314184672,0.0,0.9170264865752548,0.9210687686498823,0.0,0.0,1.0810664114340784,0.8141763039663061,0.0,0.9492838530993871,7.098530572995285e-42,52.54744110326984,11.75012536145127,0.0,0.0
11.399999999999121,16.18239342688219,9.521333940443203,SEGUINDO CHEIRO,0.6278042087391806,0.0,0.9146761237810324,0.918829170380106,0.0,0.0,1.0749493302995712,0.8205393390265142,0.0,0.8733833069418941,4.305476431429128e-42,52.37702242592174,9.151006832685418,0.0,0.0
11.409999999999116,16.312187572712556,9.390147037400377,SEGUINDO CHEIRO,0.6276504713018791,0.0,0.914465171644673,0.9186076427157975,0.0,0.0,1.067843282161105,0.8278913647032782,0.0,0.8035514333823774,2.611403460331904e-42,52.831509844065714,7.126811287187175,0.0,0.0
11.41999999999911,16.276776401803815,9.282189084962365,SEGUINDO CHEIRO,0.6274967191051462,0.0,0.9173312016182402,0.9213781595185297,0.0,0.0,1.07179171166619,0.8241889363513553,0.0,0.739303008150843,1.5838962635709634e-42,41.14522123740299,5.550366211263496,0.0,0.0
11.429999999999104,16.29404221752432,9.150981405706151,SEGUINDO CHEIRO,0.6273429521475644,0.0,0.919595732517305,0.9235399079202355,0.0,0.0,1.0661749686458355,0.8300517041420027,0.0,0.6801916033678402,9.606816456600715e-43,53.89416676471863,4.322629551665075,0.0,0.0
11.439999999999099,16.390893044818718,8.939703845634366,SEGUINDO CHEIRO,0.6271891704277172,0.0,0.9207997416853088,0.9246633303678587,0.0,0.0,1.0559798709475166,0.840492850230013,0.0,0.6258064855563457,5.826828723160215e-43,63.82305552472674,3.366467279764355,0.0,0.0
11.449999999999093,16.532642171332334,8.761952720872266,SEGUINDO CHEIRO,0.6270353739441872,0.0,0.9217688567542488,0.925532742969763,0.0,0.0,1.0605690002042818,0.8361497929846042,0.0,0.575769761674922,3.5341502694908866e-43,61.745689384476265,2.62180735366474,0.0,0.0
11.459999999999088,16.642956572279523,8.78640030696092,SEGUINDO CHEIRO,0.626881562695557,0.0,0.9192053792642949,0.9230277669035785,0.0,0.0,1.0636781024278181,0.833286786396358,0.0,0.5297337533414684,2.143570494477889e-43,60.12783500772317,2.0418656200964658,0.0,0.0
11.469999999999082,16.79504150822246,8.823526411811601,SEGUINDO CHEIRO,0.6267277366804088,0.0,0.9160019696142229,0.9199301663695445,0.0,0.0,1.0735147686523763,0.8236962394332917,0.0,0.4873785810024456,1.3001412261562102e-43,56.68532283238912,1.5902065438577064,0.0,0.0
11.479999999999077,16.95118231358198,8.805373438156309,SEGUINDO CHEIRO,0.6265738958973254,0.0,0.9140996924286668,0.9180906474734235,0.0,0.0,1.0716057153897187,0.8258514355859113,0.0,0.4484099412612653,7.885755156201184e-44,44.146573810519996,1.2384541016016535,0.0,0.0
11.489999999999071,17.157480478978357,8.785467681879357,SEGUINDO CHEIRO,0.6264200403448886,0.0,0.9102679388226301,0.9143688217839065,0.0,0.0,1.084505300327426,0.8131980171689045,0.0,0.41255706192169017,4.782952277223006e-44,34.381386253552535,11.327642869738128,0.0,0.0
11.499999999999066,17.145636355292893,8.627171360921707,SEGUINDO CHEIRO,0.6262661700216808,0.0,0.9130907578611499,0.9171537424079559,0.0,0.0,1.0964639812475403,0.8014855264024969,0.0,0.379570820536935,2.9010072000781124e-44,26.77625053734713,8.821977137305264,0.0,0.0
11.50999999999906,17.1403764488157,8.491230753779138,SEGUINDO CHEIRO,0.6261122849262837,0.0,0.9153343787085515,0.9193474825088429,0.0,0.0,1.10840670349847,0.7897890179405503,0.0,0.34922201339127634,1.7595498108944773e-44,31.747827965970878,6.870562702771368,0.0,0.0
11.519999999999055,17.203208051085788,8.346147558659691,SEGUINDO CHEIRO,0.6259583850572793,0.0,0.9159262667256071,0.9198921309911792,0.0,0.0,1.1278790016332454,0.7705629572323024,0.0,0.32129976288625056,1.0672209075990668e-44,34.582951124700465,15.976277440984768,0.0,0.0
11.529999999999049,17.270351065169013,8.074351777353554,SEGUINDO CHEIRO,0.6258044704132493,0.0,0.9175815132745238,0.9213709485257149,0.0,0.0,1.1476693289884765,0.7510188909434132,0.0,0.29561005226522075,6.473022011451773e-45,26.933229416836834,12.44233738160495,0.0,0.0
11.539999999999043,17.456107540311173,8.03600939962174,SEGUINDO CHEIRO,0.625650540992775,0.0,0.9140502917817194,0.917837429245514,0.0,0.0,1.1384814337044251,0.7604530709358901,0.0,0.2719743774948986,3.926086310940242e-45,32.428654306770994,9.690102096032541,0.0,0.0
11.549999999999038,17.57450395315194,8.085775294005064,SEGUINDO CHEIRO,0.625496596794438,0.0,0.9112306763888708,0.9150724642388468,0.0,0.0,1.1466881012476569,0.7524927117454376,0.0,0.25022850693646864,2.381291720263324e-45,25.25546136806512,7.546659100432001,0.0,0.0
11.559999999999032,17.67847150426465,8.06948052906615,SEGUINDO CHEIRO,0.6253426378168195,0.0,0.9091196057401919,0.9129796596296719,0.0,0.0,1.1430623099951125,0.7563648349973844,0.0,0.23022134018793283,1.444326438059546e-45,41.2023646615736,5.877344016989383,0.0,0.0
11.569999999999027,17.93481329980286,8.085578112263486,SEGUINDO CHEIRO,0.6251886640585007,0.0,0.9040406061797194,0.9080881319042567,0.0,0.0,1.1307406538185614,0.7689328468222315,0.0,0.21181385816838497,8.760282673166545e-46,43.25869158850918,4.577280122811365,0.0,0.0
11.579999999999021,17.950752277656672,7.883885853962147,SEGUINDO CHEIRO,0.6250346755180625,0.0,0.9055721856938947,0.9096384835523356,0.0,0.0,1.1200707375519012,0.7798491423883517,0.0,0.1948781571489103,5.313380029024858e-46,33.68990288377532,3.5647893439826643,0.0,0.0
11.589999999999016,17.910356375574178,7.778412981609427,SEGUINDO CHEIRO,0.6248806721940856,0.0,0.9079556876656817,0.9120431992768698,0.0,0.0,1.1243788390521756,0.7757874438409714,0.0,0.17929656001811048,3.2227278943083783e-46,36.34498990678619,2.776260732578297,0.0,0.0
11.59999999999901,17.91580907236081,7.667641678514311,SEGUINDO CHEIRO,0.6247266540851509,0.0,0.9091483696309383,0.9132189293599422,0.0,0.0,1.120625912401783,0.7797867970999643,0.0,0.1649607986069138,1.9546832758091667e-46,38.93098442805261,13.056617112311187,0.0,0.0
11.609999999999005,17.985064113962874,7.361549138143936,SEGUINDO CHEIRO,0.6245726211898391,0.0,0.9091084045048866,0.9129820275568749,0.0,0.0,1.1011436825735743,0.7995154771947492,0.0,0.1517712613910837,1.1855753368057852e-46,30.319481158308015,10.16850363133145,0.0,0.0
11.619999999999,18.182037976700528,7.25012749451494,SEGUINDO CHEIRO,0.6244185735067305,0.0,0.9057148341574618,0.9095370715576776,0.0,0.0,1.1131404787650971,0.7877651549300507,0.0,0.13963630134411362,7.190877911718404e-47,35.95787965424267,7.919238590745352,0.0,0.0
11.629999999998994,18.262833256267573,7.284952846887179,SEGUINDO CHEIRO,0.6242645110344054,0.0,0.9034711433817358,0.9072606592169833,0.0,0.0,1.1111449305080228,0.7900072007764684,0.0,0.12847159913114886,4.361487923707567e-47,39.74699391839209,6.167509215801767,0.0,0.0
11.639999999998988,18.383094550417614,7.303967461126918,SEGUINDO CHEIRO,0.6241104337714442,0.0,0.8999546296895042,0.9037282523910936,0.0,0.0,1.0894791848574363,0.8119194676811886,0.0,0.11819957721911091,2.645376147695035e-47,42.69795907445869,4.80326100686652,0.0,0.0
11.649999999998983,18.618817786252105,7.274680376471878,SEGUINDO CHEIRO,0.6239563417164267,0.0,0.8956648263794975,0.8996556281819861,0.0,0.0,1.0781857050770136,0.823459492382808,0.0,0.1087488608319904,1.604501740049534e-47,45.59824794857289,3.7407834334439887,0.0,0.0
11.659999999998977,18.716161516920838,7.122986814614389,SEGUINDO CHEIRO,0.6238022348679327,0.0,0.8934087603026843,0.8974656191413858,0.0,0.0,1.091598424740452,0.8102933413099014,0.0,0.10005378200577436,9.731794989023123e-48,46.68220893471473,2.9133250672667157,0.0,0.0
11.669999999998971,18.66159281448445,7.022677407093369,SEGUINDO CHEIRO,0.6236481132245424,0.0,0.8957439583739987,0.8999058383885968,0.0,0.0,1.0701647521106985,0.831973606201794,0.0,0.09205392329695261,5.902632034880295e-48,36.35614087385874,2.2688998437288705,0.0,0.0
11.679999999998966,18.652604803292107,6.890146959760787,SEGUINDO CHEIRO,0.6234939767848349,0.0,0.8968666741106451,0.9010558799975916,0.0,0.0,1.092742731034129,0.8096422432143823,0.0,0.08469369797407736,3.5801273021568706e-48,28.31419098201548,1.7670209750066312,0.0,0.0
11.68999999999896,18.708701319102882,6.655697770028168,SEGUINDO CHEIRO,0.62333982554739,0.0,0.8959938354364229,0.900063571380769,0.0,0.0,1.0920433042322115,0.8105883096284717,0.0,0.07792196377535271,2.1714569744324178e-48,22.05111410882695,1.376157319038761,0.0,0.0
11.699999999998955,18.816301428563868,6.453721426214073,SEGUINDO CHEIRO,0.6231856595107869,0.0,0.8944352141932985,0.8984038804814318,0.0,0.0,1.098881396491247,0.8039968806600335,0.0,0.07169166754846173,1.3170552312400935e-48,28.343682661233434,1.0717523976968317,0.0,0.0
11.70999999999895,18.92560837788802,6.445009879500467,SEGUINDO CHEIRO,0.623031478673605,0.0,0.8909532074724206,0.8948002306835479,0.0,0.0,1.105398065302646,0.7977268988199304,0.0,0.06595951830342456,7.98834378282029e-49,22.074082251695987,0.8346816065849479,0.0,0.0
11.719999999998944,19.08248832402054,6.457704608708557,SEGUINDO CHEIRO,0.6228772830344235,0.0,0.8867592008716226,0.8905996200987006,0.0,0.0,1.1189352329579711,0.7844364418188736,0.0,0.060685686406706366,4.8451754246053064e-49,17.191312543203427,0.6500506888236554,0.0,0.0
11.729999999998938,19.225223057291046,6.406707822170261,SEGUINDO CHEIRO,0.622723072591821,0.0,0.8837776798908624,0.8877293731287366,0.0,0.0,1.107595089234277,0.7960233198820817,0.0,0.055833526826436844,2.9387474467092943e-49,24.283070750440906,0.5062599854919688,0.0,0.0
11.739999999998933,19.415140126327767,6.346346753303047,SEGUINDO CHEIRO,0.6225688473443762,0.0,0.8781046736746956,0.8821584453538849,0.0,0.0,1.1296939675628725,0.7741711995805209,0.0,0.05136932450571971,1.7824404275814055e-49,40.222426506104476,0.39427567313886314,0.0,0.0
11.749999999998927,19.36215811145629,6.19425683706174,SEGUINDO CHEIRO,0.6224146072906683,0.0,0.8800463129805763,0.884281758336938,0.0,0.0,1.1213943079582283,0.7827176409019935,0.0,0.04726206009476865,1.0811047684394183e-49,31.32525725998618,0.3070622029865518,0.0,0.0
11.759999999998922,19.32838991300484,6.058242448378623,SEGUINDO CHEIRO,0.6222603524292756,0.0,0.8816251946082305,0.8859577318320958,0.0,0.0,1.0954200224372694,0.8089387318318486,0.0,0.04348319441406733,6.557231884200342e-50,34.25385272797654,0.23914028413755703,0.0,0.0
11.769999999998916,19.355240385996595,5.907404155471127,SEGUINDO CHEIRO,0.6221060827587762,0.0,0.880939177290769,0.8852289067758717,0.0,0.0,1.0664955165571397,0.8381100668152178,0.0,0.04000647015090364,3.9771621806127477e-50,26.67692732776069,0.18624264055024756,0.0,0.0
11.77999999999891,19.367320438038128,5.613862161931638,SEGUINDO CHEIRO,0.6219517982777486,0.0,0.8801209499734983,0.8842399359856237,0.0,0.0,1.0592910313854926,0.845561404786722,0.0,0.036807729411373634,2.4122708011911855e-50,44.57409002492936,0.14504591430181893,0.0,0.0
11.789999999998905,19.544303050698822,5.543356207328674,SEGUINDO CHEIRO,0.6217974989847711,0.0,0.874509289663418,0.8784708173005731,0.0,0.0,1.0602570487098333,0.8448422639611312,0.0,0.03386474586012179,1.4631162004520125e-50,45.077470061723034,0.1129618716395644,0.0,0.0
11.7999999999989,19.6670750471581,5.564726578635606,SEGUINDO CHEIRO,0.6216431848784215,0.0,0.8712921256735846,0.8751744850343423,0.0,0.0,1.0407356781752926,0.8646105346955894,0.0,0.03115707028144656,8.87424834296401e-51,58.88958183283762,0.08797479409010422,0.0,0.0
11.809999999998894,19.77019866511894,5.53933647779416,SEGUINDO CHEIRO,0.6214888559572778,0.0,0.8681149482303175,0.8719308997695344,0.0,0.0,1.0595621383123746,0.8460309984618682,0.0,0.028665888488658187,5.382503701911705e-51,57.90349620997084,0.06851483852791873,0.0,0.0
11.819999999998888,20.03933941559822,5.496404722352865,SEGUINDO CHEIRO,0.6213345122199178,0.0,0.860556586114166,0.8646059429851893,0.0,0.0,1.050603509942817,0.8552365744405047,0.0,0.02637389059437698,3.264653521226198e-51,45.095288190897385,0.05335940989755395,0.0,0.0
11.829999999998883,20.032777508678553,5.298233124743017,SEGUINDO CHEIRO,0.6211801536649186,0.0,0.8599293576575886,0.8641952620303531,0.0,0.0,1.0711769683573897,0.8349100873430061,0.0,0.02426515073340138,1.980112453962498e-51,35.120245755901536,0.041556350212443055,0.0,0.0
11.839999999998877,19.96732902133381,5.201570366122518,SEGUINDO CHEIRO,0.6210257802908581,0.0,0.8621211317827409,0.8665633151110949,0.0,0.0,1.0541929708615418,0.852141079866198,0.0,0.022325016402404568,1.2009989130070756e-51,37.97715272428153,0.03236411808704018,0.0,0.0
11.849999999998872,19.960362903994334,5.09054224975472,SEGUINDO CHEIRO,0.6208713920963134,0.0,0.8623296183496162,0.8668551946021825,0.0,0.0,1.0865454189777883,0.8200356504898435,0.0,0.02054000664754036,7.284426630203372e-52,29.576636280492778,0.0252052005096023,0.0,0.0
11.859999999998866,19.950399903811924,4.782323715622921,SEGUINDO CHEIRO,0.6207169890798616,0.0,0.8603563501664653,0.8646536599786399,0.0,0.0,1.0870781889791556,0.8197499229431913,0.0,0.018897718392518678,4.418228089645526e-52,34.77727658194646,0.019629829894350033,0.0,0.0
11.86999999999886,20.12159057313333,4.635442204782083,SEGUINDO CHEIRO,0.62056257124008,0.0,0.8546569589029528,0.858817649941375,0.0,0.0,1.0959272287795128,0.8111479493146495,0.0,0.01738674025627464,2.6797907979735896e-52,37.97903331487954,0.015287726893278265,0.0,0.0
11.879999999998855,20.21111310627716,4.655410134723163,SEGUINDO CHEIRO,0.6204081385755453,0.0,0.8518505117254258,0.8558218459748207,0.0,0.0,1.095826801343651,0.811495466641704,0.0,0.015996573261396297,1.625375280586766e-52,41.031135032219815,10.637383921601112,0.0,0.0
11.88999999999885,20.32988180686497,4.646903617152146,SEGUINDO CHEIRO,0.6202536910848344,0.0,0.847567788519731,0.8514167472135288,0.0,0.0,1.080957511966108,0.8266118696320937,0.0,0.01471755788235644,9.85839941214898e-53,42.31821393901409,8.284402927974112,0.0,0.0
11.899999999998844,20.55461630038841,4.5593139106949,SEGUINDO CHEIRO,0.620099228766524,0.0,0.8413569828919166,0.8455177055512193,0.0,0.0,1.0886785739583602,0.8191379449766195,0.0,0.013540806926645816,5.979421499161358e-53,44.12771587956951,6.451899487585274,0.0,0.0
11.909999999998838,20.620456495281932,4.390458875736143,SEGUINDO CHEIRO,0.6199447516191902,0.0,0.8373143136084363,0.841592440568114,0.0,0.0,1.0507504471662772,0.8573132328316903,0.0,0.012458143782434535,3.6267024665862416e-53,55.092967373386706,5.024744373229404,0.0,0.0
11.919999999998833,20.545355965426605,4.302603369511659,SEGUINDO CHEIRO,0.6197902596414095,0.0,0.8394209623318898,0.8439777006136436,0.0,0.0,1.0660881120868948,0.8422227527025482,0.0,0.011462045603677926,2.1997062396399885e-53,42.9064461321209,3.913274852604692,0.0,0.0
11.929999999998827,20.505907241956194,4.166877667722864,SEGUINDO CHEIRO,0.6196357528317584,0.0,0.8398038249011479,0.844509781425746,0.0,0.0,1.0610003715110616,0.8475577018006213,0.0,0.010545591037890467,1.3341892767028387e-53,33.41557384650679,3.047661519582169,0.0,0.0
11.939999999998822,20.506427177552947,3.9196890033757237,SEGUINDO CHEIRO,0.6194812311888127,0.0,0.8374885921263489,0.8420478282538982,0.0,0.0,1.0524422712336676,0.8563630343332986,0.0,0.009702412133376175,8.09226702180094e-54,36.649552906365074,2.373521177987179,0.0,0.0
11.949999999998816,20.569358574652643,3.7039808058448935,SEGUINDO CHEIRO,0.6193266947111485,0.0,0.8340075278676883,0.8384458802505628,0.0,0.0,1.0455465132839565,0.8635060482736149,0.0,0.008926650091744528,4.9082080553037126e-54,28.542700502693982,1.8485001520529771,0.0,0.0
11.95999999999881,20.679170518784986,3.6745114435936785,SEGUINDO CHEIRO,0.6191721433973416,0.0,0.8293518014124186,0.833520468587932,0.0,0.0,1.0685586301688366,0.8407412111169402,0.0,0.00821291455825989,2.9769786697902225e-54,44.85236937444943,1.4396133659264687,0.0,0.0
11.969999999998805,20.83356395234908,3.6506179089565456,SEGUINDO CHEIRO,0.6190175772459676,0.0,0.824225680118889,0.8282661185094581,0.0,0.0,1.0638803828459342,0.8456667619079278,0.0,0.00755624616715487,1.805628836538302e-54,45.29419423704185,1.1211720167035941,0.0,0.0
11.9799999999988,20.968002052803822,3.5725505494097978,SEGUINDO CHEIRO,0.618862996255602,0.0,0.8198974945209283,0.8240777209687757,0.0,0.0,1.0668391393996175,0.8429553325644883,0.0,0.006952082081655069,1.0951692494217309e-54,56.585905930679274,0.8731696445665047,0.0,0.0
11.989999999998794,21.151935440515196,3.467979580801317,SEGUINDO CHEIRO,0.6187084004248202,0.0,0.8121509394149988,0.8164253022663944,0.0,0.0,1.0749501263532248,0.835091696565563,0.0,0.0063962242892713446,6.642537273487521e-55,44.069147849617856,0.6800252029425737,0.0,0.0
